xyzdmxyzcountry,xyzdmxyzrequestyear,xyzdcxyzdatayear,xyzdcxyzwelfaretype,xyzdcxyzcoverage,xyzdmxyzinterpolation,xyzdcxyzsurvname,xyzdmxyzcomparability,xyzdmxyzcomparable_spell,id
AGO,2000,2000.21,CONS,N,FALSE,HBS,0,2000,1
AGO,2008,2008.5,CONS,N,FALSE,IBEP-MICS,1,2008,2
AGO,2018,2018.17,CONS,N,FALSE,IDREA,2,2018,3
ALB,1996,1996,CONS,N,FALSE,EWS,0,1996,4
ALB,2002,2002,CONS,N,FALSE,LSMS,1,2002-2012,5
ALB,2005,2005,CONS,N,FALSE,LSMS,1,2002-2012,6
ALB,2008,2008,CONS,N,FALSE,LSMS,1,2002-2012,7
ALB,2012,2012,CONS,N,FALSE,LSMS,1,2002-2012,8
ALB,2014,2014,CONS,N,FALSE,HBS,2,2014-2017,9
ALB,2015,2015,CONS,N,FALSE,HBS,2,2014-2017,10
ALB,2016,2016,CONS,N,FALSE,HBS,2,2014-2017,11
ALB,2017,2017,CONS,N,FALSE,HBS,2,2014-2017,12
ALB,2018,2018,CONS,N,FALSE,HBS,3,2018-2020,13
ALB,2019,2019,CONS,N,FALSE,HBS,3,2018-2020,14
ALB,2020,2020,CONS,N,FALSE,HBS,3,2018-2020,15
ARG,1980,1980,INC,U,FALSE,EPH,0,1980-1991,16
ARG,1986,1986,INC,U,FALSE,EPH,0,1980-1991,17
ARG,1987,1987,INC,U,FALSE,EPH,0,1980-1991,18
ARG,1991,1991,INC,U,FALSE,EPH,0,1980-1991,19
ARG,1992,1992,INC,U,FALSE,EPH,1,1992-1997,20
ARG,1993,1993,INC,U,FALSE,EPH,1,1992-1997,21
ARG,1994,1994,INC,U,FALSE,EPH,1,1992-1997,22
ARG,1995,1995,INC,U,FALSE,EPH,1,1992-1997,23
ARG,1996,1996,INC,U,FALSE,EPH,1,1992-1997,24
ARG,1997,1997,INC,U,FALSE,EPH,1,1992-1997,25
ARG,1998,1998,INC,U,FALSE,EPH,2,1998-2002,26
ARG,1999,1999,INC,U,FALSE,EPH,2,1998-2002,27
ARG,2000,2000,INC,U,FALSE,EPH,2,1998-2002,28
ARG,2001,2001,INC,U,FALSE,EPH,2,1998-2002,29
ARG,2002,2002,INC,U,FALSE,EPH,2,1998-2002,30
ARG,2003,2003,INC,U,FALSE,EPHC-S2,3,2003-2021,31
ARG,2004,2004,INC,U,FALSE,EPHC-S2,3,2003-2021,32
ARG,2005,2005,INC,U,FALSE,EPHC-S2,3,2003-2021,33
ARG,2006,2006,INC,U,FALSE,EPHC-S2,3,2003-2021,34
ARG,2007,2007,INC,U,FALSE,EPHC-S2,3,2003-2021,35
ARG,2008,2008,INC,U,FALSE,EPHC-S2,3,2003-2021,36
ARG,2009,2009,INC,U,FALSE,EPHC-S2,3,2003-2021,37
ARG,2010,2010,INC,U,FALSE,EPHC-S2,3,2003-2021,38
ARG,2011,2011,INC,U,FALSE,EPHC-S2,3,2003-2021,39
ARG,2012,2012,INC,U,FALSE,EPHC-S2,3,2003-2021,40
ARG,2013,2013,INC,U,FALSE,EPHC-S2,3,2003-2021,41
ARG,2014,2014,INC,U,FALSE,EPHC-S2,3,2003-2021,42
ARG,2016,2016,INC,U,FALSE,EPHC-S2,3,2003-2021,43
ARG,2017,2017,INC,U,FALSE,EPHC-S2,3,2003-2021,44
ARG,2018,2018,INC,U,FALSE,EPHC-S2,3,2003-2021,45
ARG,2019,2019,INC,U,FALSE,EPHC-S2,3,2003-2021,46
ARG,2020,2020,INC,U,FALSE,EPHC-S2,3,2003-2021,47
ARG,2021,2021,INC,U,FALSE,EPHC-S2,3,2003-2021,48
ARM,1999,1999,CONS,N,FALSE,ILCS,1,1999-2018,49
ARM,2001,2001,CONS,N,FALSE,ILCS,1,1999-2018,50
ARM,2002,2002,CONS,N,FALSE,ILCS,1,1999-2018,51
ARM,2003,2003,CONS,N,FALSE,ILCS,1,1999-2018,52
ARM,2004,2004,CONS,N,FALSE,ILCS,1,1999-2018,53
ARM,2005,2005,CONS,N,FALSE,ILCS,1,1999-2018,54
ARM,2006,2006,CONS,N,FALSE,ILCS,1,1999-2018,55
ARM,2007,2007,CONS,N,FALSE,ILCS,1,1999-2018,56
ARM,2008,2008,CONS,N,FALSE,ILCS,1,1999-2018,57
ARM,2009,2009,CONS,N,FALSE,ILCS,1,1999-2018,58
ARM,2010,2010,CONS,N,FALSE,ILCS,1,1999-2018,59
ARM,2011,2011,CONS,N,FALSE,ILCS,1,1999-2018,60
ARM,2012,2012,CONS,N,FALSE,ILCS,1,1999-2018,61
ARM,2013,2013,CONS,N,FALSE,ILCS,1,1999-2018,62
ARM,2014,2014,CONS,N,FALSE,ILCS,1,1999-2018,63
ARM,2015,2015,CONS,N,FALSE,ILCS,1,1999-2018,64
ARM,2016,2016,CONS,N,FALSE,ILCS,1,1999-2018,65
ARM,2017,2017,CONS,N,FALSE,ILCS,1,1999-2018,66
ARM,2018,2018,CONS,N,FALSE,ILCS,1,1999-2018,67
ARM,2019,2019,CONS,N,FALSE,ILCS,2,2019-2021,68
ARM,2020,2020,CONS,N,FALSE,ILCS,2,2019-2021,69
ARM,2021,2021,CONS,N,FALSE,ILCS,2,2019-2021,70
AUS,1981,1981,INC,N,FALSE,IHS-LIS,0,1981,71
AUS,1985,1985,INC,N,FALSE,IDS-LIS,1,1985,72
AUS,1989,1989,INC,N,FALSE,SIHCA-LIS,2,1989-2018,73
AUS,1995,1995,INC,N,FALSE,SIH-LIS,2,1989-2018,74
AUS,2001,2001,INC,N,FALSE,SIH-LIS,2,1989-2018,75
AUS,2003,2003,INC,N,FALSE,SIH-LIS,2,1989-2018,76
AUS,2004,2004,INC,N,FALSE,SIH-HES-LIS,3,2004-2010,77
AUS,2008,2008,INC,N,FALSE,SIH-LIS,2,1989-2018,78
AUS,2010,2010,INC,N,FALSE,SIH-HES-LIS,3,2004-2010,79
AUS,2014,2014,INC,N,FALSE,SIH-LIS,2,1989-2018,80
AUS,2016,2016,INC,N,FALSE,SIH-HES-LIS,2,1989-2018,81
AUS,2018,2018,INC,N,FALSE,SIH-LIS,2,1989-2018,82
AUT,1994,1994,INC,N,FALSE,ECHP-LIS,1,1994-2000,83
AUT,1995,1995,INC,N,FALSE,MC-LIS,0,1995,84
AUT,1996,1996,INC,N,FALSE,ECHP-LIS,1,1994-2000,85
AUT,1997,1997,INC,N,FALSE,ECHP-LIS,1,1994-2000,86
AUT,1998,1998,INC,N,FALSE,ECHP-LIS,1,1994-2000,87
AUT,1999,1999,INC,N,FALSE,ECHP-LIS,1,1994-2000,88
AUT,2000,2000,INC,N,FALSE,ECHP-LIS,1,1994-2000,89
AUT,2004,2004,INC,N,FALSE,EU-SILC,2,2003-2020,90
AUT,2005,2005,INC,N,FALSE,EU-SILC,2,2003-2020,91
AUT,2006,2006,INC,N,FALSE,EU-SILC,2,2003-2020,92
AUT,2007,2007,INC,N,FALSE,EU-SILC,2,2003-2020,93
AUT,2008,2008,INC,N,FALSE,EU-SILC,2,2003-2020,94
AUT,2009,2009,INC,N,FALSE,EU-SILC,2,2003-2020,95
AUT,2010,2010,INC,N,FALSE,EU-SILC,2,2003-2020,96
AUT,2011,2011,INC,N,FALSE,EU-SILC,2,2003-2020,97
AUT,2012,2012,INC,N,FALSE,EU-SILC,2,2003-2020,98
AUT,2013,2013,INC,N,FALSE,EU-SILC,2,2003-2020,99
AUT,2014,2014,INC,N,FALSE,EU-SILC,2,2003-2020,100
AUT,2015,2015,INC,N,FALSE,EU-SILC,2,2003-2020,101
AUT,2016,2016,INC,N,FALSE,EU-SILC,2,2003-2020,102
AUT,2017,2017,INC,N,FALSE,EU-SILC,2,2003-2020,103
AUT,2018,2018,INC,N,FALSE,EU-SILC,2,2003-2020,104
AUT,2019,2019,INC,N,FALSE,EU-SILC,2,2003-2020,105
AUT,2020,2020,INC,N,FALSE,EU-SILC,2,2003-2020,106
AZE,1995,1995,CONS,N,FALSE,SLC,0,1995,107
AZE,2001,2001,CONS,N,FALSE,HBS,1,2001-2005,108
AZE,2002,2002,CONS,N,FALSE,HBS,1,2001-2005,109
AZE,2003,2003,CONS,N,FALSE,HBS,1,2001-2005,110
AZE,2004,2004,CONS,N,FALSE,HBS,1,2001-2005,111
AZE,2005,2005,CONS,N,FALSE,HBS,1,2001-2005,112
BDI,1992,1992,CONS,N,FALSE,EDCM,0,1992,113
BDI,1998,1998.5,CONS,N,FALSE,EP,1,1998-2013,114
BDI,2006,2006,CONS,N,FALSE,QUIBB,1,1998-2013,115
BDI,2013,2013.5,CONS,N,FALSE,ECVMB,1,1998-2013,116
BEL,1985,1985,INC,N,FALSE,SEP-LIS,0,1985-1997,117
BEL,1988,1988,INC,N,FALSE,SEP-LIS,0,1985-1997,118
BEL,1992,1992,INC,N,FALSE,SEP-LIS,0,1985-1997,119
BEL,1995,1995,INC,N,FALSE,PSBH-ECHP-LIS,1,1995-2000,120
BEL,1997,1997,INC,N,FALSE,SEP-LIS,0,1985-1997,121
BEL,2000,2000,INC,N,FALSE,PSBH-ECHP-LIS,1,1995-2000,122
BEL,2004,2004,INC,N,FALSE,EU-SILC,2,2003-2020,123
BEL,2005,2005,INC,N,FALSE,EU-SILC,2,2003-2020,124
BEL,2006,2006,INC,N,FALSE,EU-SILC,2,2003-2020,125
BEL,2007,2007,INC,N,FALSE,EU-SILC,2,2003-2020,126
BEL,2008,2008,INC,N,FALSE,EU-SILC,2,2003-2020,127
BEL,2009,2009,INC,N,FALSE,EU-SILC,2,2003-2020,128
BEL,2010,2010,INC,N,FALSE,EU-SILC,2,2003-2020,129
BEL,2011,2011,INC,N,FALSE,EU-SILC,2,2003-2020,130
BEL,2012,2012,INC,N,FALSE,EU-SILC,2,2003-2020,131
BEL,2013,2013,INC,N,FALSE,EU-SILC,2,2003-2020,132
BEL,2014,2014,INC,N,FALSE,EU-SILC,2,2003-2020,133
BEL,2015,2015,INC,N,FALSE,EU-SILC,2,2003-2020,134
BEL,2016,2016,INC,N,FALSE,EU-SILC,2,2003-2020,135
BEL,2017,2017,INC,N,FALSE,EU-SILC,2,2003-2020,136
BEL,2018,2018,INC,N,FALSE,EU-SILC,2,2003-2020,137
BEL,2019,2019,INC,N,FALSE,EU-SILC,2,2003-2020,138
BEL,2020,2020,INC,N,FALSE,EU-SILC,2,2003-2020,139
BEN,2003,2003,CONS,N,FALSE,QUIBB,0,2003,140
BEN,2011,2011.33,CONS,N,FALSE,EMICOV,1,2011-2015,141
BEN,2015,2015,CONS,N,FALSE,EMICOV,1,2011-2015,142
BEN,2018,2018.5,CONS,N,FALSE,EHCVM,2,2018,143
BFA,1994,1994.25,CONS,N,FALSE,EP-I,0,1994,144
BFA,1998,1998,CONS,N,FALSE,EP-II,1,1998-2003,145
BFA,2003,2003,CONS,N,FALSE,ECVM,1,1998-2003,146
BFA,2009,2009,CONS,N,FALSE,ECVM,2,2009,147
BFA,2014,2014,CONS,N,FALSE,EMC,3,2014,148
BFA,2018,2018.5,CONS,N,FALSE,EHCVM,4,2018,149
BGD,1983,1983.5,CONS,N,FALSE,HHES,0,1983-1988,150
BGD,1985,1985.5,CONS,N,FALSE,HHES,0,1983-1988,151
BGD,1988,1988.5,CONS,N,FALSE,HHES,0,1983-1988,152
BGD,1991,1991.5,CONS,N,FALSE,HHES,1,1991-1995,153
BGD,1995,1995.5,CONS,N,FALSE,HHES,1,1991-1995,154
BGD,2000,2000,CONS,N,FALSE,HIES,2,2000-2016,155
BGD,2005,2005,CONS,N,FALSE,HIES,2,2000-2016,156
BGD,2010,2010,CONS,N,FALSE,HIES,2,2000-2016,157
BGD,2016,2016,CONS,N,FALSE,HIES,2,2000-2016,158
BGD,2022,2022,CONS,N,FALSE,HIES,3,2022,159
BGR,2007,2007,INC,N,FALSE,EU-SILC,5,2006-2014,160
BGR,2008,2008,INC,N,FALSE,EU-SILC,5,2006-2014,161
BGR,2009,2009,INC,N,FALSE,EU-SILC,5,2006-2014,162
BGR,2010,2010,INC,N,FALSE,EU-SILC,5,2006-2014,163
BGR,2011,2011,INC,N,FALSE,EU-SILC,5,2006-2014,164
BGR,2012,2012,INC,N,FALSE,EU-SILC,5,2006-2014,165
BGR,2013,2013,INC,N,FALSE,EU-SILC,5,2006-2014,166
BGR,2014,2014,INC,N,FALSE,EU-SILC,5,2006-2014,167
BGR,2015,2015,INC,N,FALSE,EU-SILC,6,2015-2020,168
BGR,2016,2016,INC,N,FALSE,EU-SILC,6,2015-2020,169
BGR,2017,2017,INC,N,FALSE,EU-SILC,6,2015-2020,170
BGR,2018,2018,INC,N,FALSE,EU-SILC,6,2015-2020,171
BGR,2019,2019,INC,N,FALSE,EU-SILC,6,2015-2020,172
BGR,2020,2020,INC,N,FALSE,EU-SILC,6,2015-2020,173
BIH,2001,2001,CONS,N,FALSE,LSMS,0,2001-2004,174
BIH,2004,2004,CONS,N,FALSE,LSMS,0,2001-2004,175
BIH,2007,2007,CONS,N,FALSE,HBS,1,2007-2011,176
BIH,2011,2011,CONS,N,FALSE,HBS,1,2007-2011,177
BLR,1998,1998,CONS,N,FALSE,HHS,1,1998-2020,178
BLR,1999,1999,CONS,N,FALSE,HHS,1,1998-2020,179
BLR,2000,2000,CONS,N,FALSE,HHS,1,1998-2020,180
BLR,2001,2001,CONS,N,FALSE,HHS,1,1998-2020,181
BLR,2002,2002,CONS,N,FALSE,HHS,1,1998-2020,182
BLR,2003,2003,CONS,N,FALSE,HHS,1,1998-2020,183
BLR,2004,2004,CONS,N,FALSE,HHS,1,1998-2020,184
BLR,2005,2005,CONS,N,FALSE,HHS,1,1998-2020,185
BLR,2006,2006,CONS,N,FALSE,HHS,1,1998-2020,186
BLR,2007,2007,CONS,N,FALSE,HHS,1,1998-2020,187
BLR,2008,2008,CONS,N,FALSE,HHS,1,1998-2020,188
BLR,2009,2009,CONS,N,FALSE,HHS,1,1998-2020,189
BLR,2010,2010,CONS,N,FALSE,HHS,1,1998-2020,190
BLR,2011,2011,CONS,N,FALSE,HHS,1,1998-2020,191
BLR,2012,2012,CONS,N,FALSE,HHS,1,1998-2020,192
BLR,2013,2013,CONS,N,FALSE,HHS,1,1998-2020,193
BLR,2014,2014,CONS,N,FALSE,HHS,1,1998-2020,194
BLR,2015,2015,CONS,N,FALSE,HHS,1,1998-2020,195
BLR,2016,2016,CONS,N,FALSE,HHS,1,1998-2020,196
BLR,2017,2017,CONS,N,FALSE,HHS,1,1998-2020,197
BLR,2018,2018,CONS,N,FALSE,HHS,1,1998-2020,198
BLR,2019,2019,CONS,N,FALSE,HHS,1,1998-2020,199
BLR,2020,2020,CONS,N,FALSE,HHS,1,1998-2020,200
BLZ,1993,1993,INC,N,FALSE,LFS,0,1993-1999,201
BLZ,1994,1994,INC,N,FALSE,LFS,0,1993-1999,202
BLZ,1996,1996,INC,N,FALSE,SLC,2,1996,203
BLZ,1997,1997,INC,N,FALSE,LFS,0,1993-1999,204
BLZ,1998,1998,INC,N,FALSE,LFS,0,1993-1999,205
BLZ,1999,1999,INC,N,FALSE,LFS,0,1993-1999,206
BOL,1990,1990.5,INC,U,FALSE,EPF,0,1990-1992,207
BOL,1992,1992,INC,U,FALSE,EIH,0,1990-1992,208
BOL,1997,1997,INC,N,FALSE,ENE,1,1997,209
BOL,1999,1999,INC,N,FALSE,ECH,2,1999,210
BOL,2000,2000,INC,N,FALSE,ECH,3,2000-2021,211
BOL,2001,2001,INC,N,FALSE,EH,3,2000-2021,212
BOL,2002,2002,INC,N,FALSE,EH,3,2000-2021,213
BOL,2004,2004,INC,N,FALSE,ECH,4,2004,214
BOL,2005,2005,INC,N,FALSE,EH,3,2000-2021,215
BOL,2006,2006,INC,N,FALSE,EH,3,2000-2021,216
BOL,2007,2007,INC,N,FALSE,EH,3,2000-2021,217
BOL,2008,2008,INC,N,FALSE,EH,3,2000-2021,218
BOL,2009,2009,INC,N,FALSE,EH,3,2000-2021,219
BOL,2011,2011,INC,N,FALSE,EH,3,2000-2021,220
BOL,2012,2012,INC,N,FALSE,EH,3,2000-2021,221
BOL,2013,2013,INC,N,FALSE,EH,3,2000-2021,222
BOL,2014,2014,INC,N,FALSE,EH,3,2000-2021,223
BOL,2015,2015,INC,N,FALSE,EH,3,2000-2021,224
BOL,2016,2016,INC,N,FALSE,EH,3,2000-2021,225
BOL,2017,2017,INC,N,FALSE,EH,3,2000-2021,226
BOL,2018,2018,INC,N,FALSE,EH,3,2000-2021,227
BOL,2019,2019,INC,N,FALSE,EH,3,2000-2021,228
BOL,2020,2020,INC,N,FALSE,EH,3,2000-2021,229
BOL,2021,2021,INC,N,FALSE,EH,3,2000-2021,230
BRA,1981,1981,INC,N,FALSE,PNAD,0,1981-2011,231
BRA,1982,1982,INC,N,FALSE,PNAD,0,1981-2011,232
BRA,1983,1983,INC,N,FALSE,PNAD,0,1981-2011,233
BRA,1984,1984,INC,N,FALSE,PNAD,0,1981-2011,234
BRA,1985,1985,INC,N,FALSE,PNAD,0,1981-2011,235
BRA,1986,1986,INC,N,FALSE,PNAD,0,1981-2011,236
BRA,1987,1987,INC,N,FALSE,PNAD,0,1981-2011,237
BRA,1988,1988,INC,N,FALSE,PNAD,0,1981-2011,238
BRA,1989,1989,INC,N,FALSE,PNAD,0,1981-2011,239
BRA,1990,1990,INC,N,FALSE,PNAD,0,1981-2011,240
BRA,1992,1992,INC,N,FALSE,PNAD,0,1981-2011,241
BRA,1993,1993,INC,N,FALSE,PNAD,0,1981-2011,242
BRA,1995,1995,INC,N,FALSE,PNAD,0,1981-2011,243
BRA,1996,1996,INC,N,FALSE,PNAD,0,1981-2011,244
BRA,1997,1997,INC,N,FALSE,PNAD,0,1981-2011,245
BRA,1998,1998,INC,N,FALSE,PNAD,0,1981-2011,246
BRA,1999,1999,INC,N,FALSE,PNAD,0,1981-2011,247
BRA,2001,2001,INC,N,FALSE,PNAD,0,1981-2011,248
BRA,2002,2002,INC,N,FALSE,PNAD,0,1981-2011,249
BRA,2003,2003,INC,N,FALSE,PNAD,0,1981-2011,250
BRA,2004,2004,INC,N,FALSE,PNAD,0,1981-2011,251
BRA,2005,2005,INC,N,FALSE,PNAD,0,1981-2011,252
BRA,2006,2006,INC,N,FALSE,PNAD,0,1981-2011,253
BRA,2007,2007,INC,N,FALSE,PNAD,0,1981-2011,254
BRA,2008,2008,INC,N,FALSE,PNAD,0,1981-2011,255
BRA,2009,2009,INC,N,FALSE,PNAD,0,1981-2011,256
BRA,2011,2011,INC,N,FALSE,PNAD,0,1981-2011,257
BRA,2012,2012,INC,N,FALSE,PNADC-E1,1,2012-2021,258
BRA,2013,2013,INC,N,FALSE,PNADC-E1,1,2012-2021,259
BRA,2014,2014,INC,N,FALSE,PNADC-E1,1,2012-2021,260
BRA,2015,2015,INC,N,FALSE,PNADC-E1,1,2012-2021,261
BRA,2016,2016,INC,N,FALSE,PNADC-E1,1,2012-2021,262
BRA,2017,2017,INC,N,FALSE,PNADC-E1,1,2012-2021,263
BRA,2018,2018,INC,N,FALSE,PNADC-E1,1,2012-2021,264
BRA,2019,2019,INC,N,FALSE,PNADC-E1,1,2012-2021,265
BRA,2020,2020,INC,N,FALSE,PNADC-E5,1,2012-2021,266
BRA,2021,2021,INC,N,FALSE,PNADC-E5,1,2012-2021,267
BTN,2003,2003,CONS,N,FALSE,BLSS,0,2003,268
BTN,2007,2007,CONS,N,FALSE,BLSS,1,2007-2017,269
BTN,2012,2012,CONS,N,FALSE,BLSS,1,2007-2017,270
BTN,2017,2017,CONS,N,FALSE,BLSS,1,2007-2017,271
BTN,2022,2022,CONS,N,FALSE,BLSS,2,2022,272
BWA,1985,1985.57,CONS,N,FALSE,HIES,0,1985-1993,273
BWA,1993,1993.33,CONS,N,FALSE,HIES,0,1985-1993,274
BWA,2002,2002.53,CONS,N,FALSE,HIES,1,2002-2015,275
BWA,2009,2009.25,CONS,N,FALSE,CWIS,1,2002-2015,276
BWA,2015,2015.85,CONS,N,FALSE,BMTHS,1,2002-2015,277
CAF,1992,1992.43,CONS,N,FALSE,EPCM,0,1992,278
CAF,2008,2008,CONS,N,FALSE,ECASEB,1,2008,279
CAF,2021,2021,CONS,N,FALSE,EHCVM,2,2021,280
CAN,1971,1971,INC,N,FALSE,SCF-LIS,0,1971-1995,281
CAN,1973,1973,INC,N,FALSE,SCF-LIS,0,1971-1995,282
CAN,1975,1975,INC,N,FALSE,SCF-LIS,0,1971-1995,283
CAN,1977,1977,INC,N,FALSE,SCF-LIS,0,1971-1995,284
CAN,1979,1979,INC,N,FALSE,SCF-LIS,0,1971-1995,285
CAN,1981,1981,INC,N,FALSE,SCF-LIS,0,1971-1995,286
CAN,1982,1982,INC,N,FALSE,SCF-LIS,0,1971-1995,287
CAN,1984,1984,INC,N,FALSE,SCF-LIS,0,1971-1995,288
CAN,1985,1985,INC,N,FALSE,SCF-LIS,0,1971-1995,289
CAN,1986,1986,INC,N,FALSE,SCF-LIS,0,1971-1995,290
CAN,1987,1987,INC,N,FALSE,SCF-LIS,0,1971-1995,291
CAN,1988,1988,INC,N,FALSE,SCF-LIS,0,1971-1995,292
CAN,1989,1989,INC,N,FALSE,SCF-LIS,0,1971-1995,293
CAN,1990,1990,INC,N,FALSE,SCF-LIS,0,1971-1995,294
CAN,1991,1991,INC,N,FALSE,SCF-LIS,0,1971-1995,295
CAN,1992,1992,INC,N,FALSE,SCF-LIS,0,1971-1995,296
CAN,1993,1993,INC,N,FALSE,SCF-LIS,0,1971-1995,297
CAN,1994,1994,INC,N,FALSE,SCF-LIS,0,1971-1995,298
CAN,1995,1995,INC,N,FALSE,SCF-LIS,0,1971-1995,299
CAN,1996,1996,INC,N,FALSE,SLID-LIS,1,1996-2011,300
CAN,1997,1997,INC,N,FALSE,SLID-LIS,1,1996-2011,301
CAN,1998,1998,INC,N,FALSE,SLID-LIS,1,1996-2011,302
CAN,1999,1999,INC,N,FALSE,SLID-LIS,1,1996-2011,303
CAN,2000,2000,INC,N,FALSE,SLID-LIS,1,1996-2011,304
CAN,2001,2001,INC,N,FALSE,SLID-LIS,1,1996-2011,305
CAN,2002,2002,INC,N,FALSE,SLID-LIS,1,1996-2011,306
CAN,2003,2003,INC,N,FALSE,SLID-LIS,1,1996-2011,307
CAN,2004,2004,INC,N,FALSE,SLID-LIS,1,1996-2011,308
CAN,2005,2005,INC,N,FALSE,SLID-LIS,1,1996-2011,309
CAN,2006,2006,INC,N,FALSE,SLID-LIS,1,1996-2011,310
CAN,2007,2007,INC,N,FALSE,SLID-LIS,1,1996-2011,311
CAN,2008,2008,INC,N,FALSE,SLID-LIS,1,1996-2011,312
CAN,2009,2009,INC,N,FALSE,SLID-LIS,1,1996-2011,313
CAN,2010,2010,INC,N,FALSE,SLID-LIS,1,1996-2011,314
CAN,2011,2011,INC,N,FALSE,SLID-LIS,1,1996-2011,315
CAN,2012,2012,INC,N,FALSE,CIS-LIS,2,2012-2019,316
CAN,2013,2013,INC,N,FALSE,CIS-LIS,2,2012-2019,317
CAN,2014,2014,INC,N,FALSE,CIS-LIS,2,2012-2019,318
CAN,2015,2015,INC,N,FALSE,CIS-LIS,2,2012-2019,319
CAN,2016,2016,INC,N,FALSE,CIS-LIS,2,2012-2019,320
CAN,2017,2017,INC,N,FALSE,CIS-LIS,2,2012-2019,321
CAN,2018,2018,INC,N,FALSE,CIS-LIS,2,2012-2019,322
CAN,2019,2019,INC,N,FALSE,CIS-LIS,2,2012-2019,323
CHE,1982,1982,INC,N,FALSE,SIWS-LIS,0,1982,324
CHE,1992,1992,INC,N,FALSE,NPS-LIS,1,1992,325
CHE,2000,2000,INC,N,FALSE,IES-LIS,2,2000-2002,326
CHE,2002,2002,INC,N,FALSE,IES-LIS,2,2000-2002,327
CHE,2007,2007,INC,N,FALSE,EU-SILC,3,2006-2018,328
CHE,2008,2008,INC,N,FALSE,EU-SILC,3,2006-2018,329
CHE,2009,2009,INC,N,FALSE,EU-SILC,3,2006-2018,330
CHE,2010,2010,INC,N,FALSE,EU-SILC,3,2006-2018,331
CHE,2011,2011,INC,N,FALSE,EU-SILC,3,2006-2018,332
CHE,2012,2012,INC,N,FALSE,EU-SILC,3,2006-2018,333
CHE,2013,2013,INC,N,FALSE,EU-SILC,3,2006-2018,334
CHE,2014,2014,INC,N,FALSE,EU-SILC,3,2006-2018,335
CHE,2015,2015,INC,N,FALSE,EU-SILC,3,2006-2018,336
CHE,2016,2016,INC,N,FALSE,EU-SILC,3,2006-2018,337
CHE,2017,2017,INC,N,FALSE,EU-SILC,3,2006-2018,338
CHE,2018,2018,INC,N,FALSE,EU-SILC,3,2006-2018,339
CHL,1987,1987,INC,N,FALSE,CASEN,0,1987-1998,340
CHL,1990,1990,INC,N,FALSE,CASEN,0,1987-1998,341
CHL,1992,1992,INC,N,FALSE,CASEN,0,1987-1998,342
CHL,1994,1994,INC,N,FALSE,CASEN,0,1987-1998,343
CHL,1996,1996,INC,N,FALSE,CASEN,0,1987-1998,344
CHL,1998,1998,INC,N,FALSE,CASEN,0,1987-1998,345
CHL,2000,2000,INC,N,FALSE,CASEN,1,2000-2003,346
CHL,2003,2003,INC,N,FALSE,CASEN,1,2000-2003,347
CHL,2006,2006,INC,N,FALSE,CASEN,2,2006-2020,348
CHL,2009,2009,INC,N,FALSE,CASEN,2,2006-2020,349
CHL,2011,2011,INC,N,FALSE,CASEN,2,2006-2020,350
CHL,2013,2013,INC,N,FALSE,CASEN,2,2006-2020,351
CHL,2015,2015,INC,N,FALSE,CASEN,2,2006-2020,352
CHL,2017,2017,INC,N,FALSE,CASEN,2,2006-2020,353
CHL,2020,2020,INC,N,FALSE,CASEN,2,2006-2020,354
CHN,1990,1990,CONS,N,FALSE,CRHS-CUHS,1,1990-2012,355
CHN,1993,1993,CONS,N,FALSE,CRHS-CUHS,1,1990-2012,356
CHN,1996,1996,CONS,N,FALSE,CRHS-CUHS,1,1990-2012,357
CHN,1999,1999,CONS,N,FALSE,CRHS-CUHS,1,1990-2012,358
CHN,2002,2002,CONS,N,FALSE,CRHS-CUHS,1,1990-2012,359
CHN,2005,2005,CONS,N,FALSE,CRHS-CUHS,1,1990-2012,360
CHN,2008,2008,CONS,N,FALSE,CRHS-CUHS,1,1990-2012,361
CHN,2010,2010,CONS,N,FALSE,CRHS-CUHS,1,1990-2012,362
CHN,2011,2011,CONS,N,FALSE,CRHS-CUHS,1,1990-2012,363
CHN,2012,2012,CONS,N,FALSE,CNIHS,1,1990-2012,364
CHN,2013,2013,CONS,N,FALSE,CNIHS,2,2013-2020,365
CHN,2014,2014,CONS,N,FALSE,CNIHS,2,2013-2020,366
CHN,2015,2015,CONS,N,FALSE,CNIHS,2,2013-2020,367
CHN,2016,2016,CONS,N,FALSE,CNIHS,2,2013-2020,368
CHN,2017,2017,CONS,N,FALSE,CNIHS,2,2013-2020,369
CHN,2018,2018,CONS,N,FALSE,CNIHS,2,2013-2020,370
CHN,2019,2019,CONS,N,FALSE,CNIHS,2,2013-2020,371
CIV,1985,1985.08,CONS,N,FALSE,EPAM,0,1985-1988,372
CIV,1986,1986.08,CONS,N,FALSE,EPAM,0,1985-1988,373
CIV,1987,1987.17,CONS,N,FALSE,EPAM,0,1985-1988,374
CIV,1988,1988.33,CONS,N,FALSE,EPAM,0,1985-1988,375
CIV,1992,1992.57,CONS,N,FALSE,EP,1,1992-1998,376
CIV,1995,1995,CONS,N,FALSE,ENV,1,1992-1998,377
CIV,1998,1998,CONS,N,FALSE,ENV,1,1992-1998,378
CIV,2002,2002,CONS,N,FALSE,ENV,2,2002-2015,379
CIV,2008,2008,CONS,N,FALSE,ENV,2,2002-2015,380
CIV,2015,2015,CONS,N,FALSE,ENV,2,2002-2015,381
CIV,2018,2018.5,CONS,N,FALSE,EHCVM,3,2018,382
CMR,1996,1996,CONS,N,FALSE,ECAM-I,0,1996,383
CMR,2001,2001,CONS,N,FALSE,ECAM-II,1,2001-2014,384
CMR,2007,2007,CONS,N,FALSE,ECAM-III,1,2001-2014,385
CMR,2014,2014,CONS,N,FALSE,ECAM-IV,1,2001-2014,386
COD,2004,2004.89,CONS,N,FALSE,E123,0,2004-2012,387
COD,2012,2012.4,CONS,N,FALSE,E123,0,2004-2012,388
COG,2005,2005,CONS,N,FALSE,ECOM,0,2005-2011,389
COG,2011,2011.67,CONS,N,FALSE,ECOM,0,2005-2011,390
COL,1980,1980,INC,U,FALSE,ENH,0,1980,391
COL,1988,1988,INC,U,FALSE,ENH,1,1988-2000,392
COL,1989,1989,INC,U,FALSE,ENH,1,1988-2000,393
COL,1991,1991,INC,U,FALSE,ENH,1,1988-2000,394
COL,1992,1992,INC,N,FALSE,ENH,1,1988-2000,395
COL,1996,1996,INC,N,FALSE,ENH,1,1988-2000,396
COL,1999,1999,INC,N,FALSE,ENH,1,1988-2000,397
COL,2000,2000,INC,N,FALSE,ENH,1,1988-2000,398
COL,2001,2001,INC,N,FALSE,ECH,2,2001,399
COL,2002,2002,INC,N,FALSE,ECH,3,2002-2005,400
COL,2003,2003,INC,N,FALSE,ECH,3,2002-2005,401
COL,2004,2004,INC,N,FALSE,ECH,3,2002-2005,402
COL,2005,2005,INC,N,FALSE,ECH,3,2002-2005,403
COL,2008,2008,INC,N,FALSE,GEIH,4,2008-2021,404
COL,2009,2009,INC,N,FALSE,GEIH,4,2008-2021,405
COL,2010,2010,INC,N,FALSE,GEIH,4,2008-2021,406
COL,2011,2011,INC,N,FALSE,GEIH,4,2008-2021,407
COL,2012,2012,INC,N,FALSE,GEIH,4,2008-2021,408
COL,2013,2013,INC,N,FALSE,GEIH,4,2008-2021,409
COL,2014,2014,INC,N,FALSE,GEIH,4,2008-2021,410
COL,2015,2015,INC,N,FALSE,GEIH,4,2008-2021,411
COL,2016,2016,INC,N,FALSE,GEIH,4,2008-2021,412
COL,2017,2017,INC,N,FALSE,GEIH,4,2008-2021,413
COL,2018,2018,INC,N,FALSE,GEIH,4,2008-2021,414
COL,2019,2019,INC,N,FALSE,GEIH,4,2008-2021,415
COL,2020,2020,INC,N,FALSE,GEIH,4,2008-2021,416
COL,2021,2021,INC,N,FALSE,GEIH,4,2008-2021,417
COM,2004,2004,CONS,N,FALSE,EIM,0,2004,418
CPV,2001,2001.77,CONS,N,FALSE,IDRF,0,2001,419
CPV,2007,2007.33,CONS,N,FALSE,QUIBB,1,2007,420
CPV,2015,2015,CONS,N,FALSE,IDRF,2,2015,421
CRI,1981,1981,INC,N,FALSE,ENH,0,1981-1986,422
CRI,1986,1986,INC,N,FALSE,ENH,0,1981-1986,423
CRI,1989,1989,INC,N,FALSE,EHPM,1,1989-2000,424
CRI,1990,1990,INC,N,FALSE,EHPM,1,1989-2000,425
CRI,1991,1991,INC,N,FALSE,EHPM,1,1989-2000,426
CRI,1992,1992,INC,N,FALSE,EHPM,1,1989-2000,427
CRI,1993,1993,INC,N,FALSE,EHPM,1,1989-2000,428
CRI,1994,1994,INC,N,FALSE,EHPM,1,1989-2000,429
CRI,1995,1995,INC,N,FALSE,EHPM,1,1989-2000,430
CRI,1996,1996,INC,N,FALSE,EHPM,1,1989-2000,431
CRI,1997,1997,INC,N,FALSE,EHPM,1,1989-2000,432
CRI,1998,1998,INC,N,FALSE,EHPM,1,1989-2000,433
CRI,1999,1999,INC,N,FALSE,EHPM,1,1989-2000,434
CRI,2000,2000,INC,N,FALSE,EHPM,1,1989-2000,435
CRI,2001,2001,INC,N,FALSE,EHPM,2,2001-2009,436
CRI,2002,2002,INC,N,FALSE,EHPM,2,2001-2009,437
CRI,2003,2003,INC,N,FALSE,EHPM,2,2001-2009,438
CRI,2004,2004,INC,N,FALSE,EHPM,2,2001-2009,439
CRI,2005,2005,INC,N,FALSE,EHPM,2,2001-2009,440
CRI,2006,2006,INC,N,FALSE,EHPM,2,2001-2009,441
CRI,2007,2007,INC,N,FALSE,EHPM,2,2001-2009,442
CRI,2008,2008,INC,N,FALSE,EHPM,2,2001-2009,443
CRI,2009,2009,INC,N,FALSE,EHPM,2,2001-2009,444
CRI,2010,2010,INC,N,FALSE,ENAHO,3,2010-2022,445
CRI,2011,2011,INC,N,FALSE,ENAHO,3,2010-2022,446
CRI,2012,2012,INC,N,FALSE,ENAHO,3,2010-2022,447
CRI,2013,2013,INC,N,FALSE,ENAHO,3,2010-2022,448
CRI,2014,2014,INC,N,FALSE,ENAHO,3,2010-2022,449
CRI,2015,2015,INC,N,FALSE,ENAHO,3,2010-2022,450
CRI,2016,2016,INC,N,FALSE,ENAHO,3,2010-2022,451
CRI,2017,2017,INC,N,FALSE,ENAHO,3,2010-2022,452
CRI,2018,2018,INC,N,FALSE,ENAHO,3,2010-2022,453
CRI,2019,2019,INC,N,FALSE,ENAHO,3,2010-2022,454
CRI,2020,2020,INC,N,FALSE,ENAHO,3,2010-2022,455
CRI,2021,2021,INC,N,FALSE,ENAHO,3,2010-2022,456
CRI,2022,2022,INC,N,FALSE,ENAHO,3,2010-2022,457
CYP,2005,2005,INC,N,FALSE,EU-SILC,0,2004-2020,458
CYP,2006,2006,INC,N,FALSE,EU-SILC,0,2004-2020,459
CYP,2007,2007,INC,N,FALSE,EU-SILC,0,2004-2020,460
CYP,2008,2008,INC,N,FALSE,EU-SILC,0,2004-2020,461
CYP,2009,2009,INC,N,FALSE,EU-SILC,0,2004-2020,462
CYP,2010,2010,INC,N,FALSE,EU-SILC,0,2004-2020,463
CYP,2011,2011,INC,N,FALSE,EU-SILC,0,2004-2020,464
CYP,2012,2012,INC,N,FALSE,EU-SILC,0,2004-2020,465
CYP,2013,2013,INC,N,FALSE,EU-SILC,0,2004-2020,466
CYP,2014,2014,INC,N,FALSE,EU-SILC,0,2004-2020,467
CYP,2015,2015,INC,N,FALSE,EU-SILC,0,2004-2020,468
CYP,2016,2016,INC,N,FALSE,EU-SILC,0,2004-2020,469
CYP,2017,2017,INC,N,FALSE,EU-SILC,0,2004-2020,470
CYP,2018,2018,INC,N,FALSE,EU-SILC,0,2004-2020,471
CYP,2019,2019,INC,N,FALSE,EU-SILC,0,2004-2020,472
CYP,2020,2020,INC,N,FALSE,EU-SILC,0,2004-2020,473
CZE,1992,1992,INC,N,FALSE,MC-LIS,0,1992-2002,474
CZE,1993,1993,INC,N,FALSE,CM,0,1992-2002,475
CZE,1996,1996,INC,N,FALSE,MC-LIS,0,1992-2002,476
CZE,2002,2002,INC,N,FALSE,MC-LIS,0,1992-2002,477
CZE,2005,2005,INC,N,FALSE,EU-SILC,1,2004-2020,478
CZE,2006,2006,INC,N,FALSE,EU-SILC,1,2004-2020,479
CZE,2007,2007,INC,N,FALSE,EU-SILC,1,2004-2020,480
CZE,2008,2008,INC,N,FALSE,EU-SILC,1,2004-2020,481
CZE,2009,2009,INC,N,FALSE,EU-SILC,1,2004-2020,482
CZE,2010,2010,INC,N,FALSE,EU-SILC,1,2004-2020,483
CZE,2011,2011,INC,N,FALSE,EU-SILC,1,2004-2020,484
CZE,2012,2012,INC,N,FALSE,EU-SILC,1,2004-2020,485
CZE,2013,2013,INC,N,FALSE,EU-SILC,1,2004-2020,486
CZE,2014,2014,INC,N,FALSE,EU-SILC,1,2004-2020,487
CZE,2015,2015,INC,N,FALSE,EU-SILC,1,2004-2020,488
CZE,2016,2016,INC,N,FALSE,EU-SILC,1,2004-2020,489
CZE,2017,2017,INC,N,FALSE,EU-SILC,1,2004-2020,490
CZE,2018,2018,INC,N,FALSE,EU-SILC,1,2004-2020,491
CZE,2019,2019,INC,N,FALSE,EU-SILC,1,2004-2020,492
CZE,2020,2020,INC,N,FALSE,EU-SILC,1,2004-2020,493
DEU,1991,1991,INC,N,FALSE,GSOEP-LIS,2,1991-2019,494
DEU,1992,1992,INC,N,FALSE,GSOEP-LIS,2,1991-2019,495
DEU,1993,1993,INC,N,FALSE,GSOEP-LIS,2,1991-2019,496
DEU,1994,1994,INC,N,FALSE,GSOEP-LIS,2,1991-2019,497
DEU,1995,1995,INC,N,FALSE,GSOEP-LIS,2,1991-2019,498
DEU,1996,1996,INC,N,FALSE,GSOEP-LIS,2,1991-2019,499
DEU,1997,1997,INC,N,FALSE,GSOEP-LIS,2,1991-2019,500
DEU,1998,1998,INC,N,FALSE,GSOEP-LIS,2,1991-2019,501
DEU,1999,1999,INC,N,FALSE,GSOEP-LIS,2,1991-2019,502
DEU,2000,2000,INC,N,FALSE,GSOEP-LIS,2,1991-2019,503
DEU,2001,2001,INC,N,FALSE,GSOEP-LIS,2,1991-2019,504
DEU,2002,2002,INC,N,FALSE,GSOEP-LIS,2,1991-2019,505
DEU,2003,2003,INC,N,FALSE,GSOEP-LIS,2,1991-2019,506
DEU,2004,2004,INC,N,FALSE,GSOEP-LIS,2,1991-2019,507
DEU,2005,2005,INC,N,FALSE,GSOEP-LIS,2,1991-2019,508
DEU,2006,2006,INC,N,FALSE,GSOEP-LIS,2,1991-2019,509
DEU,2007,2007,INC,N,FALSE,GSOEP-LIS,2,1991-2019,510
DEU,2008,2008,INC,N,FALSE,GSOEP-LIS,2,1991-2019,511
DEU,2009,2009,INC,N,FALSE,GSOEP-LIS,2,1991-2019,512
DEU,2010,2010,INC,N,FALSE,GSOEP-LIS,2,1991-2019,513
DEU,2011,2011,INC,N,FALSE,GSOEP-LIS,2,1991-2019,514
DEU,2012,2012,INC,N,FALSE,GSOEP-LIS,2,1991-2019,515
DEU,2013,2013,INC,N,FALSE,GSOEP-LIS,2,1991-2019,516
DEU,2014,2014,INC,N,FALSE,GSOEP-LIS,2,1991-2019,517
DEU,2015,2015,INC,N,FALSE,GSOEP-LIS,2,1991-2019,518
DEU,2016,2016,INC,N,FALSE,GSOEP-LIS,2,1991-2019,519
DEU,2017,2017,INC,N,FALSE,GSOEP-LIS,2,1991-2019,520
DEU,2018,2018,INC,N,FALSE,GSOEP-LIS,2,1991-2019,521
DEU,2019,2019,INC,N,FALSE,GSOEP-LIS,2,1991-2019,522
DJI,2002,2002,CONS,N,FALSE,EDAM,0,2002,523
DJI,2012,2012,CONS,N,FALSE,EDAM,1,2012,524
DJI,2013,2013,CONS,N,FALSE,EDAM,2,2013,525
DJI,2017,2017,CONS,N,FALSE,EDAM,3,2017,526
DNK,1987,1987,INC,N,FALSE,LM-LIS,0,1987-2000,527
DNK,1992,1992,INC,N,FALSE,LM-LIS,0,1987-2000,528
DNK,1995,1995,INC,N,FALSE,LM-LIS,0,1987-2000,529
DNK,2000,2000,INC,N,FALSE,LM-LIS,0,1987-2000,530
DNK,2004,2004,INC,N,FALSE,EU-SILC,1,2003-2020,531
DNK,2005,2005,INC,N,FALSE,EU-SILC,1,2003-2020,532
DNK,2006,2006,INC,N,FALSE,EU-SILC,1,2003-2020,533
DNK,2007,2007,INC,N,FALSE,EU-SILC,1,2003-2020,534
DNK,2008,2008,INC,N,FALSE,EU-SILC,1,2003-2020,535
DNK,2009,2009,INC,N,FALSE,EU-SILC,1,2003-2020,536
DNK,2010,2010,INC,N,FALSE,EU-SILC,1,2003-2020,537
DNK,2011,2011,INC,N,FALSE,EU-SILC,1,2003-2020,538
DNK,2012,2012,INC,N,FALSE,EU-SILC,1,2003-2020,539
DNK,2013,2013,INC,N,FALSE,EU-SILC,1,2003-2020,540
DNK,2014,2014,INC,N,FALSE,EU-SILC,1,2003-2020,541
DNK,2015,2015,INC,N,FALSE,EU-SILC,1,2003-2020,542
DNK,2016,2016,INC,N,FALSE,EU-SILC,1,2003-2020,543
DNK,2017,2017,INC,N,FALSE,EU-SILC,1,2003-2020,544
DNK,2018,2018,INC,N,FALSE,EU-SILC,1,2003-2020,545
DNK,2019,2019,INC,N,FALSE,EU-SILC,1,2003-2020,546
DNK,2020,2020,INC,N,FALSE,EU-SILC,1,2003-2020,547
DOM,1986,1986,INC,N,FALSE,ENGSLF,0,1986,548
DOM,1989,1989,INC,N,FALSE,ENGSLF,1,1989,549
DOM,1992,1992,INC,N,FALSE,ICS,2,1992,550
DOM,1996,1996,INC,N,FALSE,ENFT,3,1996-1997,551
DOM,1997,1997,INC,N,FALSE,ENFT,3,1996-1997,552
DOM,2000,2000,INC,N,FALSE,ENFT,4,2000-2004,553
DOM,2001,2001,INC,N,FALSE,ENFT,4,2000-2004,554
DOM,2002,2002,INC,N,FALSE,ENFT,4,2000-2004,555
DOM,2003,2003,INC,N,FALSE,ENFT,4,2000-2004,556
DOM,2004,2004,INC,N,FALSE,ENFT,4,2000-2004,557
DOM,2005,2005,INC,N,FALSE,ENFT,5,2005-2016,558
DOM,2006,2006,INC,N,FALSE,ENFT,5,2005-2016,559
DOM,2007,2007,INC,N,FALSE,ENFT,5,2005-2016,560
DOM,2008,2008,INC,N,FALSE,ENFT,5,2005-2016,561
DOM,2009,2009,INC,N,FALSE,ENFT,5,2005-2016,562
DOM,2010,2010,INC,N,FALSE,ENFT,5,2005-2016,563
DOM,2011,2011,INC,N,FALSE,ENFT,5,2005-2016,564
DOM,2012,2012,INC,N,FALSE,ENFT,5,2005-2016,565
DOM,2013,2013,INC,N,FALSE,ENFT,5,2005-2016,566
DOM,2014,2014,INC,N,FALSE,ENFT,5,2005-2016,567
DOM,2015,2015,INC,N,FALSE,ENFT,5,2005-2016,568
DOM,2016,2016,INC,N,FALSE,ENFT,5,2005-2016,569
DOM,2017,2017,INC,N,FALSE,ECNFT-Q03,6,2017-2021,570
DOM,2018,2018,INC,N,FALSE,ECNFT-Q03,6,2017-2021,571
DOM,2019,2019,INC,N,FALSE,ECNFT-Q03,6,2017-2021,572
DOM,2020,2020,INC,N,FALSE,ECNFT-Q03,6,2017-2021,573
DOM,2021,2021,INC,N,FALSE,ECNFT-Q03,6,2017-2021,574
DZA,1988,1988,CONS,N,FALSE,EDCM,0,1988,575
DZA,1995,1995,CONS,N,FALSE,ENMNV,1,1995,576
DZA,2011,2011.17,CONS,N,FALSE,ENCNVM,2,2011,577
ECU,1987,1987,INC,U,FALSE,EPED,0,1987,578
ECU,1994,1994,INC,N,FALSE,ECV,1,1994,579
ECU,1995,1995,INC,U,FALSE,EPED,2,1995,580
ECU,1998,1998,INC,U,FALSE,EPED,3,1998,581
ECU,1999,1999,INC,N,FALSE,ECV,4,1999,582
ECU,2000,2000,INC,N,FALSE,EPED,5,2000,583
ECU,2003,2003,INC,N,FALSE,ENEMDU,6,2003-2006,584
ECU,2004,2004,INC,N,FALSE,ENEMDU,6,2003-2006,585
ECU,2005,2005,INC,N,FALSE,ENEMDU,6,2003-2006,586
ECU,2006,2006,INC,N,FALSE,ENEMDU,6,2003-2006,587
ECU,2007,2007,INC,N,FALSE,ENEMDU,7,2007-2022,588
ECU,2008,2008,INC,N,FALSE,ENEMDU,7,2007-2022,589
ECU,2009,2009,INC,N,FALSE,ENEMDU,7,2007-2022,590
ECU,2010,2010,INC,N,FALSE,ENEMDU,7,2007-2022,591
ECU,2011,2011,INC,N,FALSE,ENEMDU,7,2007-2022,592
ECU,2012,2012,INC,N,FALSE,ENEMDU,7,2007-2022,593
ECU,2013,2013,INC,N,FALSE,ENEMDU,7,2007-2022,594
ECU,2014,2014,INC,N,FALSE,ENEMDU,7,2007-2022,595
ECU,2015,2015,INC,N,FALSE,ENEMDU,7,2007-2022,596
ECU,2016,2016,INC,N,FALSE,ENEMDU,7,2007-2022,597
ECU,2017,2017,INC,N,FALSE,ENEMDU,7,2007-2022,598
ECU,2018,2018,INC,N,FALSE,ENEMDU,7,2007-2022,599
ECU,2019,2019,INC,N,FALSE,ENEMDU,7,2007-2022,600
ECU,2020,2020,INC,N,FALSE,ENEMDU,7,2007-2022,601
ECU,2021,2021,INC,N,FALSE,ENEMDU,7,2007-2022,602
ECU,2022,2022,INC,N,FALSE,ENEMDU,7,2007-2022,603
EGY,1990,1990.5,CONS,N,FALSE,HIECS,0,1990-1995,604
EGY,1995,1995.75,CONS,N,FALSE,HIECS,0,1990-1995,605
EGY,1999,1999.75,CONS,N,FALSE,HIECS,1,1999,606
EGY,2004,2004.49,CONS,N,FALSE,HIECS,2,2004-2008,607
EGY,2008,2008.24,CONS,N,FALSE,HIECS,2,2004-2008,608
EGY,2010,2010.49,CONS,N,FALSE,HIECS,3,2010-2017,609
EGY,2012,2012.49,CONS,N,FALSE,HIECS,3,2010-2017,610
EGY,2015,2015,CONS,N,FALSE,HIECS,3,2010-2017,611
EGY,2017,2017.75,CONS,N,FALSE,HIECS,3,2010-2017,612
EGY,2019,2019.43,CONS,N,FALSE,HIECS,4,2019,613
ESP,1980,1980,INC,N,FALSE,HBS-LIS,0,1980-1990,614
ESP,1985,1985,INC,N,FALSE,HBS-LIS,0,1980-1990,615
ESP,1990,1990,INC,N,FALSE,HBS-LIS,0,1980-1990,616
ESP,1993,1993,INC,N,FALSE,ECHP-LIS,1,1993-2000,617
ESP,1994,1994,INC,N,FALSE,ECHP-LIS,1,1993-2000,618
ESP,1995,1995,INC,N,FALSE,ECHP-LIS,1,1993-2000,619
ESP,1996,1996,INC,N,FALSE,ECHP-LIS,1,1993-2000,620
ESP,1997,1997,INC,N,FALSE,ECHP-LIS,1,1993-2000,621
ESP,1998,1998,INC,N,FALSE,ECHP-LIS,1,1993-2000,622
ESP,1999,1999,INC,N,FALSE,ECHP-LIS,1,1993-2000,623
ESP,2000,2000,INC,N,FALSE,ECHP-LIS,1,1993-2000,624
ESP,2004,2004,INC,N,FALSE,EU-SILC,2,2003-2020,625
ESP,2005,2005,INC,N,FALSE,EU-SILC,2,2003-2020,626
ESP,2006,2006,INC,N,FALSE,EU-SILC,2,2003-2020,627
ESP,2007,2007,INC,N,FALSE,EU-SILC,2,2003-2020,628
ESP,2008,2008,INC,N,FALSE,EU-SILC,2,2003-2020,629
ESP,2009,2009,INC,N,FALSE,EU-SILC,2,2003-2020,630
ESP,2010,2010,INC,N,FALSE,EU-SILC,2,2003-2020,631
ESP,2011,2011,INC,N,FALSE,EU-SILC,2,2003-2020,632
ESP,2012,2012,INC,N,FALSE,EU-SILC,2,2003-2020,633
ESP,2013,2013,INC,N,FALSE,EU-SILC,2,2003-2020,634
ESP,2014,2014,INC,N,FALSE,EU-SILC,2,2003-2020,635
ESP,2015,2015,INC,N,FALSE,EU-SILC,2,2003-2020,636
ESP,2016,2016,INC,N,FALSE,EU-SILC,2,2003-2020,637
ESP,2017,2017,INC,N,FALSE,EU-SILC,2,2003-2020,638
ESP,2018,2018,INC,N,FALSE,EU-SILC,2,2003-2020,639
ESP,2019,2019,INC,N,FALSE,EU-SILC,2,2003-2020,640
ESP,2020,2020,INC,N,FALSE,EU-SILC,2,2003-2020,641
EST,2004,2004,INC,N,FALSE,EU-SILC,3,2003-2020,642
EST,2005,2005,INC,N,FALSE,EU-SILC,3,2003-2020,643
EST,2006,2006,INC,N,FALSE,EU-SILC,3,2003-2020,644
EST,2007,2007,INC,N,FALSE,EU-SILC,3,2003-2020,645
EST,2008,2008,INC,N,FALSE,EU-SILC,3,2003-2020,646
EST,2009,2009,INC,N,FALSE,EU-SILC,3,2003-2020,647
EST,2010,2010,INC,N,FALSE,EU-SILC,3,2003-2020,648
EST,2011,2011,INC,N,FALSE,EU-SILC,3,2003-2020,649
EST,2012,2012,INC,N,FALSE,EU-SILC,3,2003-2020,650
EST,2013,2013,INC,N,FALSE,EU-SILC,3,2003-2020,651
EST,2014,2014,INC,N,FALSE,EU-SILC,3,2003-2020,652
EST,2015,2015,INC,N,FALSE,EU-SILC,3,2003-2020,653
EST,2016,2016,INC,N,FALSE,EU-SILC,3,2003-2020,654
EST,2017,2017,INC,N,FALSE,EU-SILC,3,2003-2020,655
EST,2018,2018,INC,N,FALSE,EU-SILC,3,2003-2020,656
EST,2019,2019,INC,N,FALSE,EU-SILC,3,2003-2020,657
EST,2020,2020,INC,N,FALSE,EU-SILC,3,2003-2020,658
ETH,1981,1981.33,CONS,R,FALSE,HICES,0,1981,659
ETH,1995,1995.25,CONS,N,FALSE,HICES,1,1995-2015,660
ETH,1999,1999.5,CONS,N,FALSE,HICES,1,1995-2015,661
ETH,2004,2004.5,CONS,N,FALSE,HICES,1,1995-2015,662
ETH,2010,2010.5,CONS,N,FALSE,HICES,1,1995-2015,663
ETH,2015,2015.5,CONS,N,FALSE,HICES,1,1995-2015,664
FIN,1987,1987,INC,N,FALSE,IDS-LIS,0,1987-2000,665
FIN,1991,1991,INC,N,FALSE,IDS-LIS,0,1987-2000,666
FIN,1995,1995,INC,N,FALSE,IDS-LIS,0,1987-2000,667
FIN,2000,2000,INC,N,FALSE,IDS-LIS,0,1987-2000,668
FIN,2004,2004,INC,N,FALSE,EU-SILC,1,2003-2020,669
FIN,2005,2005,INC,N,FALSE,EU-SILC,1,2003-2020,670
FIN,2006,2006,INC,N,FALSE,EU-SILC,1,2003-2020,671
FIN,2007,2007,INC,N,FALSE,EU-SILC,1,2003-2020,672
FIN,2008,2008,INC,N,FALSE,EU-SILC,1,2003-2020,673
FIN,2009,2009,INC,N,FALSE,EU-SILC,1,2003-2020,674
FIN,2010,2010,INC,N,FALSE,EU-SILC,1,2003-2020,675
FIN,2011,2011,INC,N,FALSE,EU-SILC,1,2003-2020,676
FIN,2012,2012,INC,N,FALSE,EU-SILC,1,2003-2020,677
FIN,2013,2013,INC,N,FALSE,EU-SILC,1,2003-2020,678
FIN,2014,2014,INC,N,FALSE,EU-SILC,1,2003-2020,679
FIN,2015,2015,INC,N,FALSE,EU-SILC,1,2003-2020,680
FIN,2016,2016,INC,N,FALSE,EU-SILC,1,2003-2020,681
FIN,2017,2017,INC,N,FALSE,EU-SILC,1,2003-2020,682
FIN,2018,2018,INC,N,FALSE,EU-SILC,1,2003-2020,683
FIN,2019,2019,INC,N,FALSE,EU-SILC,1,2003-2020,684
FIN,2020,2020,INC,N,FALSE,EU-SILC,1,2003-2020,685
FJI,2002,2002.5,CONS,N,FALSE,HIES,0,2002-2013,686
FJI,2008,2008.5,CONS,N,FALSE,HIES,0,2002-2013,687
FJI,2013,2013.24,CONS,N,FALSE,HIES,0,2002-2013,688
FJI,2019,2019.15,CONS,N,FALSE,HIES,1,2019,689
FRA,1970,1970,INC,N,FALSE,TIS-LIS,0,1970-2002,690
FRA,1975,1975,INC,N,FALSE,TIS-LIS,0,1970-2002,691
FRA,1979,1979,INC,N,FALSE,TIS-LIS,0,1970-2002,692
FRA,1984,1984,INC,N,FALSE,TIS-LIS,0,1970-2002,693
FRA,1990,1990,INC,N,FALSE,TIS-LIS,0,1970-2002,694
FRA,1996,1996,INC,N,FALSE,TSIS-LIS,0,1970-2002,695
FRA,1997,1997,INC,N,FALSE,TSIS-LIS,0,1970-2002,696
FRA,1998,1998,INC,N,FALSE,TSIS-LIS,0,1970-2002,697
FRA,1999,1999,INC,N,FALSE,TSIS-LIS,0,1970-2002,698
FRA,2000,2000,INC,N,FALSE,TSIS-LIS,0,1970-2002,699
FRA,2001,2001,INC,N,FALSE,TSIS-LIS,0,1970-2002,700
FRA,2002,2002,INC,N,FALSE,TSIS-LIS,0,1970-2002,701
FRA,2004,2004,INC,N,FALSE,EU-SILC,1,2003-2020,702
FRA,2005,2005,INC,N,FALSE,EU-SILC,1,2003-2020,703
FRA,2006,2006,INC,N,FALSE,EU-SILC,1,2003-2020,704
FRA,2007,2007,INC,N,FALSE,EU-SILC,1,2003-2020,705
FRA,2008,2008,INC,N,FALSE,EU-SILC,1,2003-2020,706
FRA,2009,2009,INC,N,FALSE,EU-SILC,1,2003-2020,707
FRA,2010,2010,INC,N,FALSE,EU-SILC,1,2003-2020,708
FRA,2011,2011,INC,N,FALSE,EU-SILC,1,2003-2020,709
FRA,2012,2012,INC,N,FALSE,EU-SILC,1,2003-2020,710
FRA,2013,2013,INC,N,FALSE,EU-SILC,1,2003-2020,711
FRA,2014,2014,INC,N,FALSE,EU-SILC,1,2003-2020,712
FRA,2015,2015,INC,N,FALSE,EU-SILC,1,2003-2020,713
FRA,2016,2016,INC,N,FALSE,EU-SILC,1,2003-2020,714
FRA,2017,2017,INC,N,FALSE,EU-SILC,1,2003-2020,715
FRA,2018,2018,INC,N,FALSE,EU-SILC,1,2003-2020,716
FRA,2019,2019,INC,N,FALSE,EU-SILC,1,2003-2020,717
FRA,2020,2020,INC,N,FALSE,EU-SILC,1,2003-2020,718
FSM,2005,2005,CONS,N,FALSE,HIES,1,2005,719
FSM,2013,2013,CONS,N,FALSE,HIES,2,2013,720
GAB,2005,2005,CONS,N,FALSE,EGEP,0,2005,721
GAB,2017,2017,CONS,N,FALSE,EGEP,1,2017,722
GBR,1968,1968,INC,N,FALSE,FES-LIS,0,1968-1993,723
GBR,1969,1969,INC,N,FALSE,FES-LIS,0,1968-1993,724
GBR,1970,1970,INC,N,FALSE,FES-LIS,0,1968-1993,725
GBR,1971,1971,INC,N,FALSE,FES-LIS,0,1968-1993,726
GBR,1972,1972,INC,N,FALSE,FES-LIS,0,1968-1993,727
GBR,1973,1973,INC,N,FALSE,FES-LIS,0,1968-1993,728
GBR,1974,1974,INC,N,FALSE,FES-LIS,0,1968-1993,729
GBR,1975,1975,INC,N,FALSE,FES-LIS,0,1968-1993,730
GBR,1976,1976,INC,N,FALSE,FES-LIS,0,1968-1993,731
GBR,1977,1977,INC,N,FALSE,FES-LIS,0,1968-1993,732
GBR,1978,1978,INC,N,FALSE,FES-LIS,0,1968-1993,733
GBR,1979,1979,INC,N,FALSE,FES-LIS,0,1968-1993,734
GBR,1980,1980,INC,N,FALSE,FES-LIS,0,1968-1993,735
GBR,1981,1981,INC,N,FALSE,FES-LIS,0,1968-1993,736
GBR,1982,1982,INC,N,FALSE,FES-LIS,0,1968-1993,737
GBR,1983,1983,INC,N,FALSE,FES-LIS,0,1968-1993,738
GBR,1984,1984,INC,N,FALSE,FES-LIS,0,1968-1993,739
GBR,1985,1985,INC,N,FALSE,FES-LIS,0,1968-1993,740
GBR,1986,1986,INC,N,FALSE,FES-LIS,0,1968-1993,741
GBR,1987,1987,INC,N,FALSE,FES-LIS,0,1968-1993,742
GBR,1988,1988,INC,N,FALSE,FES-LIS,0,1968-1993,743
GBR,1989,1989,INC,N,FALSE,FES-LIS,0,1968-1993,744
GBR,1990,1990,INC,N,FALSE,FES-LIS,0,1968-1993,745
GBR,1991,1991,INC,N,FALSE,FES-LIS,0,1968-1993,746
GBR,1992,1992,INC,N,FALSE,FES-LIS,0,1968-1993,747
GBR,1993,1993,INC,N,FALSE,FES-LIS,0,1968-1993,748
GBR,1994,1994,INC,N,FALSE,FRS-LIS,1,1994-2020,749
GBR,1995,1995,INC,N,FALSE,FRS-LIS,1,1994-2020,750
GBR,1996,1996,INC,N,FALSE,FRS-LIS,1,1994-2020,751
GBR,1997,1997,INC,N,FALSE,FRS-LIS,1,1994-2020,752
GBR,1998,1998,INC,N,FALSE,FRS-LIS,1,1994-2020,753
GBR,1999,1999,INC,N,FALSE,FRS-LIS,1,1994-2020,754
GBR,2000,2000,INC,N,FALSE,FRS-LIS,1,1994-2020,755
GBR,2001,2001,INC,N,FALSE,FRS-LIS,1,1994-2020,756
GBR,2002,2002,INC,N,FALSE,FRS-LIS,1,1994-2020,757
GBR,2003,2003,INC,N,FALSE,FRS-LIS,1,1994-2020,758
GBR,2004,2004,INC,N,FALSE,FRS-LIS,1,1994-2020,759
GBR,2005,2005,INC,N,FALSE,FRS-LIS,1,1994-2020,760
GBR,2006,2006,INC,N,FALSE,FRS-LIS,1,1994-2020,761
GBR,2007,2007,INC,N,FALSE,FRS-LIS,1,1994-2020,762
GBR,2008,2008,INC,N,FALSE,FRS-LIS,1,1994-2020,763
GBR,2009,2009,INC,N,FALSE,FRS-LIS,1,1994-2020,764
GBR,2010,2010,INC,N,FALSE,FRS-LIS,1,1994-2020,765
GBR,2011,2011,INC,N,FALSE,FRS-LIS,1,1994-2020,766
GBR,2012,2012,INC,N,FALSE,FRS-LIS,1,1994-2020,767
GBR,2013,2013,INC,N,FALSE,FRS-LIS,1,1994-2020,768
GBR,2014,2014,INC,N,FALSE,FRS-LIS,1,1994-2020,769
GBR,2015,2015,INC,N,FALSE,FRS-LIS,1,1994-2020,770
GBR,2016,2016,INC,N,FALSE,FRS-LIS,1,1994-2020,771
GBR,2017,2017,INC,N,FALSE,FRS-LIS,1,1994-2020,772
GBR,2018,2018,INC,N,FALSE,FRS-LIS,1,1994-2020,773
GBR,2019,2019,INC,N,FALSE,FRS-LIS,1,1994-2020,774
GBR,2020,2020,INC,N,FALSE,FRS-LIS,1,1994-2020,775
GEO,1996,1996,CONS,N,FALSE,HIS,0,1996,776
GEO,1997,1997,CONS,N,FALSE,HIS,1,1997,777
GEO,1998,1998,CONS,N,FALSE,HIS,2,1998-2021,778
GEO,1999,1999,CONS,N,FALSE,HIS,2,1998-2021,779
GEO,2000,2000,CONS,N,FALSE,HIS,2,1998-2021,780
GEO,2001,2001,CONS,N,FALSE,HIS,2,1998-2021,781
GEO,2002,2002,CONS,N,FALSE,HIS,2,1998-2021,782
GEO,2003,2003,CONS,N,FALSE,HIS,2,1998-2021,783
GEO,2004,2004,CONS,N,FALSE,HIS,2,1998-2021,784
GEO,2005,2005,CONS,N,FALSE,HIS,2,1998-2021,785
GEO,2006,2006,CONS,N,FALSE,HIS,2,1998-2021,786
GEO,2007,2007,CONS,N,FALSE,HIS,2,1998-2021,787
GEO,2008,2008,CONS,N,FALSE,HIS,2,1998-2021,788
GEO,2009,2009,CONS,N,FALSE,HIS,2,1998-2021,789
GEO,2010,2010,CONS,N,FALSE,HIS,2,1998-2021,790
GEO,2011,2011,CONS,N,FALSE,HIS,2,1998-2021,791
GEO,2012,2012,CONS,N,FALSE,HIS,2,1998-2021,792
GEO,2013,2013,CONS,N,FALSE,HIS,2,1998-2021,793
GEO,2014,2014,CONS,N,FALSE,HIS,2,1998-2021,794
GEO,2015,2015,CONS,N,FALSE,HIS,2,1998-2021,795
GEO,2016,2016,CONS,N,FALSE,HIS,2,1998-2021,796
GEO,2017,2017,CONS,N,FALSE,HIS,2,1998-2021,797
GEO,2018,2018,CONS,N,FALSE,HIS,2,1998-2021,798
GEO,2019,2019,CONS,N,FALSE,HIS,2,1998-2021,799
GEO,2020,2020,CONS,N,FALSE,HIS,2,1998-2021,800
GEO,2021,2021,CONS,N,FALSE,HIS,2,1998-2021,801
GHA,1987,1987.5,CONS,N,FALSE,GLSS-I,0,1987-1988,802
GHA,1988,1988.5,CONS,N,FALSE,GLSS-II,0,1987-1988,803
GHA,1991,1991.73,CONS,N,FALSE,GLSS-III,1,1991-2016,804
GHA,1998,1998.18,CONS,N,FALSE,GLSS-IV,1,1991-2016,805
GHA,2005,2005.67,CONS,N,FALSE,GLSS-V,1,1991-2016,806
GHA,2012,2012.8,CONS,N,FALSE,GLSS-VI,1,1991-2016,807
GHA,2016,2016.75,CONS,N,FALSE,GLSS-VII,1,1991-2016,808
GIN,1991,1991,CONS,N,FALSE,ESIP,0,1991,809
GIN,1994,1994.08,CONS,N,FALSE,EIBC,1,1994,810
GIN,2002,2002.25,CONS,N,FALSE,EIBEP,2,2002,811
GIN,2007,2007,CONS,N,FALSE,ELEP,3,2007-2012,812
GIN,2012,2012,CONS,N,FALSE,ELEP,3,2007-2012,813
GIN,2018,2018.5,CONS,N,FALSE,EHCVM,4,2018,814
GMB,1998,1998,CONS,N,FALSE,HPS,0,1998,815
GMB,2003,2003.29,CONS,N,FALSE,HIS,1,2003,816
GMB,2010,2010.08,CONS,N,FALSE,IHS,2,2010,817
GMB,2015,2015.31,CONS,N,FALSE,IHS,3,2015-2020,818
GMB,2020,2020.08,CONS,N,FALSE,IHS,3,2015-2020,819
GNB,1991,1991,CONS,N,FALSE,ILJF,0,1991,820
GNB,1993,1993,CONS,N,FALSE,ICOF,1,1993,821
GNB,2002,2002,CONS,N,FALSE,ILAP-I,2,2002,822
GNB,2010,2010,CONS,N,FALSE,ILAP-II,3,2010,823
GNB,2018,2018.43,CONS,N,FALSE,EHCVM,4,2018,824
GRC,1995,1995,INC,N,FALSE,ECHP-LIS,0,1995-2000,825
GRC,2000,2000,INC,N,FALSE,ECHP-LIS,0,1995-2000,826
GRC,2004,2004,INC,N,FALSE,EU-SILC,1,2003-2020,827
GRC,2005,2005,INC,N,FALSE,EU-SILC,1,2003-2020,828
GRC,2006,2006,INC,N,FALSE,EU-SILC,1,2003-2020,829
GRC,2007,2007,INC,N,FALSE,EU-SILC,1,2003-2020,830
GRC,2008,2008,INC,N,FALSE,EU-SILC,1,2003-2020,831
GRC,2009,2009,INC,N,FALSE,EU-SILC,1,2003-2020,832
GRC,2010,2010,INC,N,FALSE,EU-SILC,1,2003-2020,833
GRC,2011,2011,INC,N,FALSE,EU-SILC,1,2003-2020,834
GRC,2012,2012,INC,N,FALSE,EU-SILC,1,2003-2020,835
GRC,2013,2013,INC,N,FALSE,EU-SILC,1,2003-2020,836
GRC,2014,2014,INC,N,FALSE,EU-SILC,1,2003-2020,837
GRC,2015,2015,INC,N,FALSE,EU-SILC,1,2003-2020,838
GRC,2016,2016,INC,N,FALSE,EU-SILC,1,2003-2020,839
GRC,2017,2017,INC,N,FALSE,EU-SILC,1,2003-2020,840
GRC,2018,2018,INC,N,FALSE,EU-SILC,1,2003-2020,841
GRC,2019,2019,INC,N,FALSE,EU-SILC,1,2003-2020,842
GRC,2020,2020,INC,N,FALSE,EU-SILC,1,2003-2020,843
GTM,1986,1986.5,INC,N,FALSE,ENSD,0,1986-1989,844
GTM,1989,1989,INC,N,FALSE,ENSD,0,1986-1989,845
GTM,1998,1998,INC,N,FALSE,ENIGF,1,1998,846
GTM,2000,2000,INC,N,FALSE,ENCOVI,2,2000-2014,847
GTM,2006,2006,INC,N,FALSE,ENCOVI,2,2000-2014,848
GTM,2014,2014,INC,N,FALSE,ENCOVI,2,2000-2014,849
GUY,1992,1992.5,INC,N,FALSE,GLSMS,0,1992-1998,850
GUY,1998,1998,INC,N,FALSE,GLSMS,0,1992-1998,851
HND,1986,1986,INC,U,FALSE,ECSFT,0,1986,852
HND,1989,1989,INC,N,FALSE,EPHPM,1,1989,853
HND,1990,1990,INC,N,FALSE,EPHPM,2,1990,854
HND,1991,1991,INC,N,FALSE,EPHPM,3,1991-1999,855
HND,1992,1992,INC,N,FALSE,EPHPM,3,1991-1999,856
HND,1993,1993,INC,N,FALSE,EPHPM,3,1991-1999,857
HND,1994,1994,INC,N,FALSE,EPHPM,3,1991-1999,858
HND,1995,1995,INC,N,FALSE,EPHPM,3,1991-1999,859
HND,1996,1996,INC,N,FALSE,EPHPM,3,1991-1999,860
HND,1997,1997,INC,N,FALSE,EPHPM,3,1991-1999,861
HND,1998,1998,INC,N,FALSE,EPHPM,3,1991-1999,862
HND,1999,1999,INC,N,FALSE,EPHPM,3,1991-1999,863
HND,2001,2001,INC,N,FALSE,EPHPM,4,2001-2010,864
HND,2002,2002,INC,N,FALSE,EPHPM,4,2001-2010,865
HND,2003,2003,INC,N,FALSE,EPHPM,4,2001-2010,866
HND,2004,2004,INC,N,FALSE,EPHPM,4,2001-2010,867
HND,2005,2005,INC,N,FALSE,EPHPM,4,2001-2010,868
HND,2006,2006,INC,N,FALSE,EPHPM,4,2001-2010,869
HND,2007,2007,INC,N,FALSE,EPHPM,4,2001-2010,870
HND,2008,2008,INC,N,FALSE,EPHPM,4,2001-2010,871
HND,2009,2009,INC,N,FALSE,EPHPM,4,2001-2010,872
HND,2010,2010,INC,N,FALSE,EPHPM,4,2001-2010,873
HND,2011,2011,INC,N,FALSE,EPHPM,5,2011-2019,874
HND,2012,2012,INC,N,FALSE,EPHPM,5,2011-2019,875
HND,2013,2013,INC,N,FALSE,EPHPM,5,2011-2019,876
HND,2014,2014,INC,N,FALSE,EPHPM,5,2011-2019,877
HND,2015,2015,INC,N,FALSE,EPHPM,5,2011-2019,878
HND,2016,2016,INC,N,FALSE,EPHPM,5,2011-2019,879
HND,2017,2017,INC,N,FALSE,EPHPM,5,2011-2019,880
HND,2018,2018,INC,N,FALSE,EPHPM,5,2011-2019,881
HND,2019,2019,INC,N,FALSE,EPHPM,5,2011-2019,882
HRV,2010,2010,INC,N,FALSE,EU-SILC,3,2009-2020,883
HRV,2011,2011,INC,N,FALSE,EU-SILC,3,2009-2020,884
HRV,2012,2012,INC,N,FALSE,EU-SILC,3,2009-2020,885
HRV,2013,2013,INC,N,FALSE,EU-SILC,3,2009-2020,886
HRV,2014,2014,INC,N,FALSE,EU-SILC,3,2009-2020,887
HRV,2015,2015,INC,N,FALSE,EU-SILC,3,2009-2020,888
HRV,2016,2016,INC,N,FALSE,EU-SILC,3,2009-2020,889
HRV,2017,2017,INC,N,FALSE,EU-SILC,3,2009-2020,890
HRV,2018,2018,INC,N,FALSE,EU-SILC,3,2009-2020,891
HRV,2019,2019,INC,N,FALSE,EU-SILC,3,2009-2020,892
HRV,2020,2020,INC,N,FALSE,EU-SILC,3,2009-2020,893
HTI,2001,2001,INC,N,FALSE,ECVH,0,2001,894
HTI,2012,2012,CONS,N,FALSE,ECVMAS,1,2012,895
HUN,2005,2005,INC,N,FALSE,EU-SILC,4,2004-2020,896
HUN,2006,2006,INC,N,FALSE,EU-SILC,4,2004-2020,897
HUN,2007,2007,INC,N,FALSE,EU-SILC,4,2004-2020,898
HUN,2008,2008,INC,N,FALSE,EU-SILC,4,2004-2020,899
HUN,2009,2009,INC,N,FALSE,EU-SILC,4,2004-2020,900
HUN,2010,2010,INC,N,FALSE,EU-SILC,4,2004-2020,901
HUN,2011,2011,INC,N,FALSE,EU-SILC,4,2004-2020,902
HUN,2012,2012,INC,N,FALSE,EU-SILC,4,2004-2020,903
HUN,2013,2013,INC,N,FALSE,EU-SILC,4,2004-2020,904
HUN,2014,2014,INC,N,FALSE,EU-SILC,4,2004-2020,905
HUN,2015,2015,INC,N,FALSE,EU-SILC,4,2004-2020,906
HUN,2016,2016,INC,N,FALSE,EU-SILC,4,2004-2020,907
HUN,2017,2017,INC,N,FALSE,EU-SILC,4,2004-2020,908
HUN,2018,2018,INC,N,FALSE,EU-SILC,4,2004-2020,909
HUN,2019,2019,INC,N,FALSE,EU-SILC,4,2004-2020,910
HUN,2020,2020,INC,N,FALSE,EU-SILC,4,2004-2020,911
IDN,1984,1984,CONS,N,FALSE,SUSENAS,0,1984-1990,912
IDN,1987,1987,CONS,N,FALSE,SUSENAS,0,1984-1990,913
IDN,1990,1990,CONS,N,FALSE,SUSENAS,0,1984-1990,914
IDN,1993,1993,CONS,N,FALSE,SUSENAS,1,1993-1999,915
IDN,1996,1996,CONS,N,FALSE,SUSENAS,1,1993-1999,916
IDN,1998,1998,CONS,N,FALSE,SUSENAS,1,1993-1999,917
IDN,1999,1999,CONS,N,FALSE,SUSENAS,1,1993-1999,918
IDN,2000,2000,CONS,N,FALSE,SUSENAS,2,2000-2004,919
IDN,2001,2001,CONS,N,FALSE,SUSENAS,2,2000-2004,920
IDN,2002,2002,CONS,N,FALSE,SUSENAS,2,2000-2004,921
IDN,2003,2003,CONS,N,FALSE,SUSENAS,2,2000-2004,922
IDN,2004,2004,CONS,N,FALSE,SUSENAS,2,2000-2004,923
IDN,2005,2005,CONS,N,FALSE,SUSENAS,3,2005-2010,924
IDN,2006,2006,CONS,N,FALSE,SUSENAS,3,2005-2010,925
IDN,2007,2007,CONS,N,FALSE,SUSENAS,3,2005-2010,926
IDN,2008,2008,CONS,N,FALSE,SUSENAS,3,2005-2010,927
IDN,2009,2009,CONS,N,FALSE,SUSENAS,3,2005-2010,928
IDN,2010,2010,CONS,N,FALSE,SUSENAS,3,2005-2010,929
IDN,2011,2011,CONS,N,FALSE,SUSENAS,4,2011-2014,930
IDN,2012,2012,CONS,N,FALSE,SUSENAS,4,2011-2014,931
IDN,2013,2013,CONS,N,FALSE,SUSENAS,4,2011-2014,932
IDN,2014,2014,CONS,N,FALSE,SUSENAS,4,2011-2014,933
IDN,2015,2015,CONS,N,FALSE,SUSENAS,5,2015-2022,934
IDN,2016,2016,CONS,N,FALSE,SUSENAS,5,2015-2022,935
IDN,2017,2017,CONS,N,FALSE,SUSENAS,5,2015-2022,936
IDN,2018,2018,CONS,N,FALSE,SUSENAS,5,2015-2022,937
IDN,2019,2019,CONS,N,FALSE,SUSENAS,5,2015-2022,938
IDN,2020,2020,CONS,N,FALSE,SUSENAS,5,2015-2022,939
IDN,2021,2021,CONS,N,FALSE,SUSENAS,5,2015-2022,940
IDN,2022,2022,CONS,N,FALSE,SUSENAS,5,2015-2022,941
IND,1977,1977.5,CONS,N,FALSE,NSS,0,1977,942
IND,1983,1983,CONS,N,FALSE,NSS,1,1983,943
IND,1987,1987.5,CONS,N,FALSE,NSS-SCH1,2,1987,944
IND,1993,1993.5,CONS,N,FALSE,NSS-SCH1,3,1993-2011,945
IND,2004,2004.5,CONS,N,FALSE,NSS-SCH1,3,1993-2011,946
IND,2009,2009.5,CONS,N,FALSE,NSS-SCH1,3,1993-2011,947
IND,2011,2011.5,CONS,N,FALSE,NSS-SCH1,3,1993-2011,948
IND,2015,2015.25,CONS,N,FALSE,CPHS,4,2015-2016,949
IND,2016,2016.25,CONS,N,FALSE,CPHS,4,2015-2016,950
IND,2017,2017.25,CONS,N,FALSE,CPHS,5,2017-2018,951
IND,2018,2018.25,CONS,N,FALSE,CPHS,5,2017-2018,952
IND,2019,2019.25,CONS,N,FALSE,CPHS,6,2019-2021,953
IRL,1987,1987,INC,N,FALSE,SIDPUSS-LIS,0,1987,954
IRL,1994,1994,INC,N,FALSE,LIS-ECHP-LIS,1,1994-2000,955
IRL,1995,1995,INC,N,FALSE,LIS-ECHP-LIS,1,1994-2000,956
IRL,1996,1996,INC,N,FALSE,LIS-ECHP-LIS,1,1994-2000,957
IRL,2000,2000,INC,N,FALSE,LIS-ECHP-LIS,1,1994-2000,958
IRL,2002,2002,INC,N,FALSE,SILC-LIS,2,2002,959
IRL,2004,2004,INC,N,FALSE,EU-SILC,3,2003-2020,960
IRL,2005,2005,INC,N,FALSE,EU-SILC,3,2003-2020,961
IRL,2006,2006,INC,N,FALSE,EU-SILC,3,2003-2020,962
IRL,2007,2007,INC,N,FALSE,EU-SILC,3,2003-2020,963
IRL,2008,2008,INC,N,FALSE,EU-SILC,3,2003-2020,964
IRL,2009,2009,INC,N,FALSE,EU-SILC,3,2003-2020,965
IRL,2010,2010,INC,N,FALSE,EU-SILC,3,2003-2020,966
IRL,2011,2011,INC,N,FALSE,EU-SILC,3,2003-2020,967
IRL,2012,2012,INC,N,FALSE,EU-SILC,3,2003-2020,968
IRL,2013,2013,INC,N,FALSE,EU-SILC,3,2003-2020,969
IRL,2014,2014,INC,N,FALSE,EU-SILC,3,2003-2020,970
IRL,2015,2015,INC,N,FALSE,EU-SILC,3,2003-2020,971
IRL,2016,2016,INC,N,FALSE,EU-SILC,3,2003-2020,972
IRL,2017,2017,INC,N,FALSE,EU-SILC,3,2003-2020,973
IRL,2018,2018,INC,N,FALSE,EU-SILC,3,2003-2020,974
IRL,2019,2019,INC,N,FALSE,EU-SILC,3,2003-2020,975
IRL,2020,2020,INC,N,FALSE,EU-SILC,3,2003-2020,976
IRN,1986,1986,CONS,N,FALSE,SECH,0,1986-1998,977
IRN,1990,1990,CONS,N,FALSE,SECH,0,1986-1998,978
IRN,1994,1994,CONS,N,FALSE,SECH,0,1986-1998,979
IRN,1998,1998,CONS,N,FALSE,SECH,0,1986-1998,980
IRN,2005,2005.23,CONS,N,FALSE,HEIS,1,2005-2019,981
IRN,2006,2006.23,CONS,N,FALSE,HEIS,1,2005-2019,982
IRN,2009,2009.23,CONS,N,FALSE,HEIS,1,2005-2019,983
IRN,2013,2013.23,CONS,N,FALSE,HEIS,1,2005-2019,984
IRN,2014,2014.23,CONS,N,FALSE,HEIS,1,2005-2019,985
IRN,2015,2015.23,CONS,N,FALSE,HEIS,1,2005-2019,986
IRN,2016,2016.23,CONS,N,FALSE,HEIS,1,2005-2019,987
IRN,2017,2017.23,CONS,N,FALSE,HEIS,1,2005-2019,988
IRN,2018,2018.23,CONS,N,FALSE,HEIS,1,2005-2019,989
IRN,2019,2019.23,CONS,N,FALSE,HEIS,1,2005-2019,990
IRQ,2006,2006.85,CONS,N,FALSE,IHSES,0,2006-2012,991
IRQ,2012,2012,CONS,N,FALSE,IHSES,0,2006-2012,992
ISL,2004,2004,INC,N,FALSE,EU-SILC,0,2003-2017,993
ISL,2005,2005,INC,N,FALSE,EU-SILC,0,2003-2017,994
ISL,2006,2006,INC,N,FALSE,EU-SILC,0,2003-2017,995
ISL,2007,2007,INC,N,FALSE,EU-SILC,0,2003-2017,996
ISL,2008,2008,INC,N,FALSE,EU-SILC,0,2003-2017,997
ISL,2009,2009,INC,N,FALSE,EU-SILC,0,2003-2017,998
ISL,2010,2010,INC,N,FALSE,EU-SILC,0,2003-2017,999
ISL,2011,2011,INC,N,FALSE,EU-SILC,0,2003-2017,1000
ISL,2012,2012,INC,N,FALSE,EU-SILC,0,2003-2017,1001
ISL,2013,2013,INC,N,FALSE,EU-SILC,0,2003-2017,1002
ISL,2014,2014,INC,N,FALSE,EU-SILC,0,2003-2017,1003
ISL,2015,2015,INC,N,FALSE,EU-SILC,0,2003-2017,1004
ISL,2016,2016,INC,N,FALSE,EU-SILC,0,2003-2017,1005
ISL,2017,2017,INC,N,FALSE,EU-SILC,0,2003-2017,1006
ISR,1979,1979,INC,N,FALSE,HES-LIS,0,1979-2018,1007
ISR,1986,1986,INC,N,FALSE,HES-LIS,0,1979-2018,1008
ISR,1992,1992,INC,N,FALSE,HES-LIS,0,1979-2018,1009
ISR,1997,1997,INC,N,FALSE,HES-LIS,0,1979-2018,1010
ISR,2001,2001,INC,N,FALSE,HES-LIS,0,1979-2018,1011
ISR,2002,2002,INC,N,FALSE,HES-LIS,0,1979-2018,1012
ISR,2003,2003,INC,N,FALSE,HES-LIS,0,1979-2018,1013
ISR,2004,2004,INC,N,FALSE,HES-LIS,0,1979-2018,1014
ISR,2005,2005,INC,N,FALSE,HES-LIS,0,1979-2018,1015
ISR,2006,2006,INC,N,FALSE,HES-LIS,0,1979-2018,1016
ISR,2007,2007,INC,N,FALSE,HES-LIS,0,1979-2018,1017
ISR,2008,2008,INC,N,FALSE,HES-LIS,0,1979-2018,1018
ISR,2009,2009,INC,N,FALSE,HES-LIS,0,1979-2018,1019
ISR,2010,2010,INC,N,FALSE,HES-LIS,0,1979-2018,1020
ISR,2011,2011,INC,N,FALSE,HES-LIS,0,1979-2018,1021
ISR,2012,2012,INC,N,FALSE,HES-LIS,0,1979-2018,1022
ISR,2013,2013,INC,N,FALSE,HES-LIS,0,1979-2018,1023
ISR,2014,2014,INC,N,FALSE,HES-LIS,0,1979-2018,1024
ISR,2015,2015,INC,N,FALSE,HES-LIS,0,1979-2018,1025
ISR,2016,2016,INC,N,FALSE,HES-LIS,0,1979-2018,1026
ISR,2017,2017,INC,N,FALSE,HES-LIS,0,1979-2018,1027
ISR,2018,2018,INC,N,FALSE,HES-LIS,0,1979-2018,1028
ITA,1986,1986,INC,N,FALSE,SHIW-LIS,0,1986-2000,1029
ITA,1987,1987,INC,N,FALSE,SHIW-LIS,0,1986-2000,1030
ITA,1989,1989,INC,N,FALSE,SHIW-LIS,0,1986-2000,1031
ITA,1991,1991,INC,N,FALSE,SHIW-LIS,0,1986-2000,1032
ITA,1993,1993,INC,N,FALSE,SHIW-LIS,0,1986-2000,1033
ITA,1995,1995,INC,N,FALSE,SHIW-LIS,0,1986-2000,1034
ITA,1998,1998,INC,N,FALSE,SHIW-LIS,0,1986-2000,1035
ITA,2000,2000,INC,N,FALSE,SHIW-LIS,0,1986-2000,1036
ITA,2004,2004,INC,N,FALSE,EU-SILC,1,2003-2020,1037
ITA,2005,2005,INC,N,FALSE,EU-SILC,1,2003-2020,1038
ITA,2006,2006,INC,N,FALSE,EU-SILC,1,2003-2020,1039
ITA,2007,2007,INC,N,FALSE,EU-SILC,1,2003-2020,1040
ITA,2008,2008,INC,N,FALSE,EU-SILC,1,2003-2020,1041
ITA,2009,2009,INC,N,FALSE,EU-SILC,1,2003-2020,1042
ITA,2010,2010,INC,N,FALSE,EU-SILC,1,2003-2020,1043
ITA,2011,2011,INC,N,FALSE,EU-SILC,1,2003-2020,1044
ITA,2012,2012,INC,N,FALSE,EU-SILC,1,2003-2020,1045
ITA,2013,2013,INC,N,FALSE,EU-SILC,1,2003-2020,1046
ITA,2014,2014,INC,N,FALSE,EU-SILC,1,2003-2020,1047
ITA,2015,2015,INC,N,FALSE,EU-SILC,1,2003-2020,1048
ITA,2016,2016,INC,N,FALSE,EU-SILC,1,2003-2020,1049
ITA,2017,2017,INC,N,FALSE,EU-SILC,1,2003-2020,1050
ITA,2018,2018,INC,N,FALSE,EU-SILC,1,2003-2020,1051
ITA,2019,2019,INC,N,FALSE,EU-SILC,1,2003-2020,1052
ITA,2020,2020,INC,N,FALSE,EU-SILC,1,2003-2020,1053
JAM,1988,1988,CONS,N,FALSE,SLC,0,1988-1993,1054
JAM,1990,1990,CONS,N,FALSE,SLC,1,1990-2004,1055
JAM,1993,1993,CONS,N,FALSE,SLC,0,1988-1993,1056
JAM,1996,1996,CONS,N,FALSE,SLC,1,1990-2004,1057
JAM,1999,1999,CONS,N,FALSE,SLC,1,1990-2004,1058
JAM,2002,2002,CONS,N,FALSE,SLC,1,1990-2004,1059
JAM,2004,2004,CONS,N,FALSE,SLC,1,1990-2004,1060
JOR,1986,1986.5,CONS,N,FALSE,HEIS,0,1986-1997,1061
JOR,1992,1992,CONS,N,FALSE,HEIS,0,1986-1997,1062
JOR,1997,1997,CONS,N,FALSE,HEIS,0,1986-1997,1063
JOR,2002,2002.5,CONS,N,FALSE,HEIS,1,2002,1064
JOR,2006,2006.14,CONS,N,FALSE,HEIS,2,2006,1065
JOR,2008,2008.16,CONS,N,FALSE,HEIS,3,2008-2010,1066
JOR,2010,2010.24,CONS,N,FALSE,HEIS,3,2008-2010,1067
JPN,2008,2008,INC,N,FALSE,JHPS-LIS,0,2008-2013,1068
JPN,2010,2010,INC,N,FALSE,JHPS-LIS,0,2008-2013,1069
JPN,2013,2013,INC,N,FALSE,JHPS-LIS,0,2008-2013,1070
KAZ,1996,1996,CONS,N,FALSE,LSMS,1,1996,1071
KAZ,2001,2001,CONS,N,FALSE,HBS,2,2001-2004,1072
KAZ,2002,2002,CONS,N,FALSE,HBS,2,2001-2004,1073
KAZ,2003,2003,CONS,N,FALSE,HBS,2,2001-2004,1074
KAZ,2004,2004,CONS,N,FALSE,HBS,2,2001-2004,1075
KAZ,2005,2005,CONS,N,FALSE,HBS,3,2005-2018,1076
KAZ,2006,2006,CONS,N,FALSE,HBS,3,2005-2018,1077
KAZ,2007,2007,CONS,N,FALSE,HBS,3,2005-2018,1078
KAZ,2008,2008,CONS,N,FALSE,HBS,3,2005-2018,1079
KAZ,2009,2009,CONS,N,FALSE,HBS,3,2005-2018,1080
KAZ,2010,2010,CONS,N,FALSE,HBS,3,2005-2018,1081
KAZ,2011,2011,CONS,N,FALSE,HBS,3,2005-2018,1082
KAZ,2012,2012,CONS,N,FALSE,HBS,3,2005-2018,1083
KAZ,2013,2013,CONS,N,FALSE,HBS,3,2005-2018,1084
KAZ,2014,2014,CONS,N,FALSE,HBS,3,2005-2018,1085
KAZ,2015,2015,CONS,N,FALSE,HBS,3,2005-2018,1086
KAZ,2016,2016,CONS,N,FALSE,HBS,3,2005-2018,1087
KAZ,2017,2017,CONS,N,FALSE,HBS,3,2005-2018,1088
KAZ,2018,2018,CONS,N,FALSE,HBS,3,2005-2018,1089
KEN,1992,1992,CONS,N,FALSE,WMS-I,0,1992,1090
KEN,1994,1994,CONS,N,FALSE,WMS-II,1,1994,1091
KEN,1997,1997,CONS,N,FALSE,WMS-III,2,1997,1092
KEN,2005,2005.38,CONS,N,FALSE,IHBS,3,2005-2021,1093
KEN,2015,2015.67,CONS,N,FALSE,IHBS,3,2005-2021,1094
KEN,2020,2020,CONS,N,FALSE,KCHS,3,2005-2021,1095
KEN,2021,2021,CONS,N,FALSE,KCHS,3,2005-2021,1096
KGZ,1998,1998,INC,N,FALSE,KPMS,0,1998,1097
KGZ,2000,2000,CONS,N,FALSE,HBS,1,2000-2003,1098
KGZ,2001,2001,CONS,N,FALSE,HBS,1,2000-2003,1099
KGZ,2002,2002,CONS,N,FALSE,HBS,1,2000-2003,1100
KGZ,2003,2003,CONS,N,FALSE,HBS,1,2000-2003,1101
KGZ,2004,2004,CONS,N,FALSE,KIHS,2,2004-2020,1102
KGZ,2005,2005,CONS,N,FALSE,KIHS,2,2004-2020,1103
KGZ,2006,2006,CONS,N,FALSE,KIHS,2,2004-2020,1104
KGZ,2007,2007,CONS,N,FALSE,KIHS,2,2004-2020,1105
KGZ,2008,2008,CONS,N,FALSE,KIHS,2,2004-2020,1106
KGZ,2009,2009,CONS,N,FALSE,KIHS,2,2004-2020,1107
KGZ,2010,2010,CONS,N,FALSE,KIHS,2,2004-2020,1108
KGZ,2011,2011,CONS,N,FALSE,KIHS,2,2004-2020,1109
KGZ,2012,2012,CONS,N,FALSE,KIHS,2,2004-2020,1110
KGZ,2013,2013,CONS,N,FALSE,KIHS,2,2004-2020,1111
KGZ,2014,2014,CONS,N,FALSE,KIHS,2,2004-2020,1112
KGZ,2015,2015,CONS,N,FALSE,KIHS,2,2004-2020,1113
KGZ,2016,2016,CONS,N,FALSE,KIHS,2,2004-2020,1114
KGZ,2017,2017,CONS,N,FALSE,KIHS,2,2004-2020,1115
KGZ,2018,2018,CONS,N,FALSE,KIHS,2,2004-2020,1116
KGZ,2019,2019,CONS,N,FALSE,KIHS,2,2004-2020,1117
KGZ,2020,2020,CONS,N,FALSE,KIHS,2,2004-2020,1118
KIR,2006,2006,CONS,N,FALSE,HIES,0,2006,1119
KIR,2019,2019.27,CONS,N,FALSE,HIES,1,2019,1120
KOR,2006,2006,INC,N,FALSE,HIES-FHES-LIS,0,2006-2016,1121
KOR,2008,2008,INC,N,FALSE,HIES-FHES-LIS,0,2006-2016,1122
KOR,2010,2010,INC,N,FALSE,HIES-FHES-LIS,0,2006-2016,1123
KOR,2012,2012,INC,N,FALSE,HIES-FHES-LIS,0,2006-2016,1124
KOR,2014,2014,INC,N,FALSE,HIES-FHES-LIS,0,2006-2016,1125
KOR,2016,2016,INC,N,FALSE,HIES-FHES-LIS,0,2006-2016,1126
LAO,1992,1992.2,CONS,N,FALSE,LECS,0,1992-2007,1127
LAO,1997,1997.2,CONS,N,FALSE,LECS,0,1992-2007,1128
LAO,2002,2002.25,CONS,N,FALSE,LECS,0,1992-2007,1129
LAO,2007,2007.23,CONS,N,FALSE,LECS,0,1992-2007,1130
LAO,2012,2012.25,CONS,N,FALSE,LECS,1,2012-2018,1131
LAO,2018,2018.42,CONS,N,FALSE,LECS,1,2012-2018,1132
LBN,2011,2011.77,CONS,N,FALSE,HBS,0,2011,1133
LBR,2007,2007,CONS,N,FALSE,CWIQ,0,2007,1134
LBR,2014,2014,CONS,N,FALSE,HIES,1,2014-2016,1135
LBR,2016,2016,CONS,N,FALSE,HIES,1,2014-2016,1136
LCA,1995,1995,INC,N,FALSE,LSMS,0,1995,1137
LCA,2016,2016,INC,N,FALSE,SLC-HBS,1,2016,1138
LKA,1985,1985,CONS,N,FALSE,LFSS,0,1985,1139
LKA,1990,1990.5,CONS,N,FALSE,HIES,1,1990,1140
LKA,1995,1995.5,CONS,N,FALSE,SES,2,1995,1141
LKA,2002,2002,CONS,N,FALSE,HIES,3,2002-2019,1142
LKA,2006,2006.5,CONS,N,FALSE,HIES,3,2002-2019,1143
LKA,2009,2009.5,CONS,N,FALSE,HIES,3,2002-2019,1144
LKA,2012,2012.5,CONS,N,FALSE,HIES,3,2002-2019,1145
LKA,2016,2016,CONS,N,FALSE,HIES,3,2002-2019,1146
LKA,2019,2019,CONS,N,FALSE,HIES,3,2002-2019,1147
LSO,1986,1986.54,CONS,N,FALSE,HBS,0,1986,1148
LSO,1994,1994.45,CONS,N,FALSE,NHECS,1,1994,1149
LSO,2002,2002.75,CONS,N,FALSE,HBS,2,2002,1150
LSO,2017,2017.14,CONS,N,FALSE,CMSHBS,3,2017,1151
LTU,2005,2005,INC,N,FALSE,EU-SILC,3,2004-2020,1152
LTU,2006,2006,INC,N,FALSE,EU-SILC,3,2004-2020,1153
LTU,2007,2007,INC,N,FALSE,EU-SILC,3,2004-2020,1154
LTU,2008,2008,INC,N,FALSE,EU-SILC,3,2004-2020,1155
LTU,2009,2009,INC,N,FALSE,EU-SILC,3,2004-2020,1156
LTU,2010,2010,INC,N,FALSE,EU-SILC,3,2004-2020,1157
LTU,2011,2011,INC,N,FALSE,EU-SILC,3,2004-2020,1158
LTU,2012,2012,INC,N,FALSE,EU-SILC,3,2004-2020,1159
LTU,2013,2013,INC,N,FALSE,EU-SILC,3,2004-2020,1160
LTU,2014,2014,INC,N,FALSE,EU-SILC,3,2004-2020,1161
LTU,2015,2015,INC,N,FALSE,EU-SILC,3,2004-2020,1162
LTU,2016,2016,INC,N,FALSE,EU-SILC,3,2004-2020,1163
LTU,2017,2017,INC,N,FALSE,EU-SILC,3,2004-2020,1164
LTU,2018,2018,INC,N,FALSE,EU-SILC,3,2004-2020,1165
LTU,2019,2019,INC,N,FALSE,EU-SILC,3,2004-2020,1166
LTU,2020,2020,INC,N,FALSE,EU-SILC,3,2004-2020,1167
LUX,1985,1985,INC,N,FALSE,PSELL-LIS,0,1985-1993,1168
LUX,1986,1986,INC,N,FALSE,PSELL-LIS,0,1985-1993,1169
LUX,1987,1987,INC,N,FALSE,PSELL-LIS,0,1985-1993,1170
LUX,1988,1988,INC,N,FALSE,PSELL-LIS,0,1985-1993,1171
LUX,1989,1989,INC,N,FALSE,PSELL-LIS,0,1985-1993,1172
LUX,1990,1990,INC,N,FALSE,PSELL-LIS,0,1985-1993,1173
LUX,1991,1991,INC,N,FALSE,PSELL-LIS,0,1985-1993,1174
LUX,1992,1992,INC,N,FALSE,PSELL-LIS,0,1985-1993,1175
LUX,1993,1993,INC,N,FALSE,PSELL-LIS,0,1985-1993,1176
LUX,1994,1994,INC,N,FALSE,PSELL-ECHP-LIS,1,1994-2001,1177
LUX,1995,1995,INC,N,FALSE,PSELL-ECHP-LIS,1,1994-2001,1178
LUX,1996,1996,INC,N,FALSE,PSELL-ECHP-LIS,1,1994-2001,1179
LUX,1997,1997,INC,N,FALSE,PSELL-ECHP-LIS,1,1994-2001,1180
LUX,1998,1998,INC,N,FALSE,PSELL-ECHP-LIS,1,1994-2001,1181
LUX,1999,1999,INC,N,FALSE,PSELL-ECHP-LIS,1,1994-2001,1182
LUX,2000,2000,INC,N,FALSE,PSELL-ECHP-LIS,1,1994-2001,1183
LUX,2001,2001,INC,N,FALSE,PSELL-ECHP-LIS,1,1994-2001,1184
LUX,2002,2002,INC,N,FALSE,SEP-SILC-LIS,2,2002,1185
LUX,2004,2004,INC,N,FALSE,EU-SILC,3,2003-2020,1186
LUX,2005,2005,INC,N,FALSE,EU-SILC,3,2003-2020,1187
LUX,2006,2006,INC,N,FALSE,EU-SILC,3,2003-2020,1188
LUX,2007,2007,INC,N,FALSE,EU-SILC,3,2003-2020,1189
LUX,2008,2008,INC,N,FALSE,EU-SILC,3,2003-2020,1190
LUX,2009,2009,INC,N,FALSE,EU-SILC,3,2003-2020,1191
LUX,2010,2010,INC,N,FALSE,EU-SILC,3,2003-2020,1192
LUX,2011,2011,INC,N,FALSE,EU-SILC,3,2003-2020,1193
LUX,2012,2012,INC,N,FALSE,EU-SILC,3,2003-2020,1194
LUX,2013,2013,INC,N,FALSE,EU-SILC,3,2003-2020,1195
LUX,2014,2014,INC,N,FALSE,EU-SILC,3,2003-2020,1196
LUX,2015,2015,INC,N,FALSE,EU-SILC,3,2003-2020,1197
LUX,2016,2016,INC,N,FALSE,EU-SILC,3,2003-2020,1198
LUX,2017,2017,INC,N,FALSE,EU-SILC,3,2003-2020,1199
LUX,2018,2018,INC,N,FALSE,EU-SILC,3,2003-2020,1200
LUX,2019,2019,INC,N,FALSE,EU-SILC,3,2003-2020,1201
LUX,2020,2020,INC,N,FALSE,EU-SILC,3,2003-2020,1202
LVA,2005,2005,INC,N,FALSE,EU-SILC,2,2004-2020,1203
LVA,2006,2006,INC,N,FALSE,EU-SILC,2,2004-2020,1204
LVA,2007,2007,INC,N,FALSE,EU-SILC,2,2004-2020,1205
LVA,2008,2008,INC,N,FALSE,EU-SILC,2,2004-2020,1206
LVA,2009,2009,INC,N,FALSE,EU-SILC,2,2004-2020,1207
LVA,2010,2010,INC,N,FALSE,EU-SILC,2,2004-2020,1208
LVA,2011,2011,INC,N,FALSE,EU-SILC,2,2004-2020,1209
LVA,2012,2012,INC,N,FALSE,EU-SILC,2,2004-2020,1210
LVA,2013,2013,INC,N,FALSE,EU-SILC,2,2004-2020,1211
LVA,2014,2014,INC,N,FALSE,EU-SILC,2,2004-2020,1212
LVA,2015,2015,INC,N,FALSE,EU-SILC,2,2004-2020,1213
LVA,2016,2016,INC,N,FALSE,EU-SILC,2,2004-2020,1214
LVA,2017,2017,INC,N,FALSE,EU-SILC,2,2004-2020,1215
LVA,2018,2018,INC,N,FALSE,EU-SILC,2,2004-2020,1216
LVA,2019,2019,INC,N,FALSE,EU-SILC,2,2004-2020,1217
LVA,2020,2020,INC,N,FALSE,EU-SILC,2,2004-2020,1218
MAR,1984,1984.5,CONS,N,FALSE,ECDM,0,1984-1998,1219
MAR,1990,1990.77,CONS,N,FALSE,ENNVM,0,1984-1998,1220
MAR,1998,1998.15,CONS,N,FALSE,ENNVM,0,1984-1998,1221
MAR,2000,2000.83,CONS,N,FALSE,ENCDM,1,2000-2013,1222
MAR,2006,2006.91,CONS,N,FALSE,ENNVM,1,2000-2013,1223
MAR,2013,2013.5,CONS,N,FALSE,ENCDM,1,2000-2013,1224
MDA,1997,1997,CONS,N,FALSE,HBS,0,1997-2004,1225
MDA,1998,1998,CONS,N,FALSE,HBS,0,1997-2004,1226
MDA,1999,1999,CONS,N,FALSE,HBS,0,1997-2004,1227
MDA,2000,2000,CONS,N,FALSE,HBS,0,1997-2004,1228
MDA,2001,2001,CONS,N,FALSE,HBS,0,1997-2004,1229
MDA,2002,2002,CONS,N,FALSE,HBS,0,1997-2004,1230
MDA,2003,2003,CONS,N,FALSE,HBS,0,1997-2004,1231
MDA,2004,2004,CONS,N,FALSE,HBS,0,1997-2004,1232
MDA,2005,2005,CONS,N,FALSE,HBS,1,2005,1233
MDA,2006,2006,CONS,N,FALSE,HBS,2,2006-2021,1234
MDA,2007,2007,CONS,N,FALSE,HBS,2,2006-2021,1235
MDA,2008,2008,CONS,N,FALSE,HBS,2,2006-2021,1236
MDA,2009,2009,CONS,N,FALSE,HBS,2,2006-2021,1237
MDA,2010,2010,CONS,N,FALSE,HBS,2,2006-2021,1238
MDA,2011,2011,CONS,N,FALSE,HBS,2,2006-2021,1239
MDA,2012,2012,CONS,N,FALSE,HBS,2,2006-2021,1240
MDA,2013,2013,CONS,N,FALSE,HBS,2,2006-2021,1241
MDA,2014,2014,CONS,N,FALSE,HBS,2,2006-2021,1242
MDA,2015,2015,CONS,N,FALSE,HBS,2,2006-2021,1243
MDA,2016,2016,CONS,N,FALSE,HBS,2,2006-2021,1244
MDA,2017,2017,CONS,N,FALSE,HBS,2,2006-2021,1245
MDA,2018,2018,CONS,N,FALSE,HBS,2,2006-2021,1246
MDA,2019,2019,CONS,N,FALSE,HBS,2,2006-2021,1247
MDA,2021,2021,CONS,N,FALSE,HBS,2,2006-2021,1248
MDG,1980,1980,CONS,N,FALSE,EB,0,1980,1249
MDG,1993,1993.3,CONS,N,FALSE,EPM,1,1993,1250
MDG,1997,1997,CONS,N,FALSE,EPM,2,1997-1999,1251
MDG,1999,1999,CONS,N,FALSE,EPM,2,1997-1999,1252
MDG,2001,2001,CONS,N,FALSE,EPM,3,2001-2012,1253
MDG,2005,2005,CONS,N,FALSE,EPM,3,2001-2012,1254
MDG,2010,2010,CONS,N,FALSE,EPM,3,2001-2012,1255
MDG,2012,2012.73,CONS,N,FALSE,ENSOMD,3,2001-2012,1256
MDV,2002,2002.5,CONS,N,FALSE,HIES,0,2002,1257
MDV,2009,2009.5,CONS,N,FALSE,HIES,1,2009,1258
MDV,2016,2016,CONS,N,FALSE,HIES,2,2016,1259
MDV,2019,2019.6,CONS,N,FALSE,HIES,3,2019,1260
MEX,1989,1989,INC,N,FALSE,ENIGH,0,1984-2014,1261
MEX,1992,1992,INC,N,FALSE,ENIGH,0,1984-2014,1262
MEX,1994,1994,INC,N,FALSE,ENIGH,0,1984-2014,1263
MEX,1996,1996,INC,N,FALSE,ENIGH,0,1984-2014,1264
MEX,1998,1998,INC,N,FALSE,ENIGH,0,1984-2014,1265
MEX,2000,2000,INC,N,FALSE,ENIGH,0,1984-2014,1266
MEX,2002,2002,INC,N,FALSE,ENIGH,0,1984-2014,1267
MEX,2004,2004,INC,N,FALSE,ENIGH,0,1984-2014,1268
MEX,2005,2005,INC,N,FALSE,ENIGH,0,1984-2014,1269
MEX,2006,2006,INC,N,FALSE,ENIGH,0,1984-2014,1270
MEX,2008,2008,INC,N,FALSE,ENIGH,0,1984-2014,1271
MEX,2010,2010,INC,N,FALSE,ENIGH,0,1984-2014,1272
MEX,2012,2012,INC,N,FALSE,ENIGH,0,1984-2014,1273
MEX,2014,2014,INC,N,FALSE,ENIGH,0,1984-2014,1274
MEX,2016,2016,INC,N,FALSE,ENIGHNS,1,2016-2020,1275
MEX,2018,2018,INC,N,FALSE,ENIGHNS,1,2016-2020,1276
MEX,2020,2020,INC,N,FALSE,ENIGHNS,1,2016-2020,1277
MHL,2019,2019.5,CONS,N,FALSE,HIES,0,2019,1278
MKD,2010,2010,INC,N,FALSE,SILC-C,2,2009-2019,1279
MKD,2011,2011,INC,N,FALSE,SILC-C,2,2009-2019,1280
MKD,2012,2012,INC,N,FALSE,SILC-C,2,2009-2019,1281
MKD,2013,2013,INC,N,FALSE,SILC-C,2,2009-2019,1282
MKD,2014,2014,INC,N,FALSE,SILC-C,2,2009-2019,1283
MKD,2015,2015,INC,N,FALSE,SILC-C,2,2009-2019,1284
MKD,2016,2016,INC,N,FALSE,SILC-C,2,2009-2019,1285
MKD,2017,2017,INC,N,FALSE,SILC-C,2,2009-2019,1286
MKD,2018,2018,INC,N,FALSE,SILC-C,2,2009-2019,1287
MKD,2019,2019,INC,N,FALSE,SILC-C,2,2009-2019,1288
MLI,1994,1994,CONS,N,FALSE,EMCES,0,1994,1289
MLI,2001,2001.08,CONS,N,FALSE,EMEP,1,2001,1290
MLI,2006,2006.25,CONS,N,FALSE,ELIM,2,2006-2009,1291
MLI,2009,2009.89,CONS,N,FALSE,ELIM,2,2006-2009,1292
MLI,2018,2018.57,CONS,N,FALSE,EHCVM,3,2018,1293
MLT,2007,2007,INC,N,FALSE,EU-SILC,0,2006-2020,1294
MLT,2008,2008,INC,N,FALSE,EU-SILC,0,2006-2020,1295
MLT,2009,2009,INC,N,FALSE,EU-SILC,0,2006-2020,1296
MLT,2010,2010,INC,N,FALSE,EU-SILC,0,2006-2020,1297
MLT,2011,2011,INC,N,FALSE,EU-SILC,0,2006-2020,1298
MLT,2012,2012,INC,N,FALSE,EU-SILC,0,2006-2020,1299
MLT,2013,2013,INC,N,FALSE,EU-SILC,0,2006-2020,1300
MLT,2014,2014,INC,N,FALSE,EU-SILC,0,2006-2020,1301
MLT,2015,2015,INC,N,FALSE,EU-SILC,0,2006-2020,1302
MLT,2016,2016,INC,N,FALSE,EU-SILC,0,2006-2020,1303
MLT,2017,2017,INC,N,FALSE,EU-SILC,0,2006-2020,1304
MLT,2018,2018,INC,N,FALSE,EU-SILC,0,2006-2020,1305
MLT,2019,2019,INC,N,FALSE,EU-SILC,0,2006-2020,1306
MLT,2020,2020,INC,N,FALSE,EU-SILC,0,2006-2020,1307
MMR,2015,2015,CONS,N,FALSE,MPLCS,0,2015-2017,1308
MMR,2017,2017,CONS,N,FALSE,MLCS,0,2015-2017,1309
MNE,2013,2013,INC,N,FALSE,SILC-C,1,2012-2018,1310
MNE,2014,2014,INC,N,FALSE,SILC-C,1,2012-2018,1311
MNE,2015,2015,INC,N,FALSE,SILC-C,1,2012-2018,1312
MNE,2016,2016,INC,N,FALSE,SILC-C,1,2012-2018,1313
MNE,2017,2017,INC,N,FALSE,SILC-C,1,2012-2018,1314
MNE,2018,2018,INC,N,FALSE,SILC-C,1,2012-2018,1315
MNG,1995,1995,CONS,N,FALSE,LSMS,0,1995-1998,1316
MNG,1998,1998,CONS,N,FALSE,LSMS,0,1995-1998,1317
MNG,2002,2002.15,CONS,N,FALSE,HIES-LSMS,1,2002,1318
MNG,2007,2007.5,CONS,N,FALSE,HSES,2,2007,1319
MNG,2010,2010,CONS,N,FALSE,HSES,3,2010-2018,1320
MNG,2011,2011,CONS,N,FALSE,HSES,3,2010-2018,1321
MNG,2012,2012,CONS,N,FALSE,HSES,3,2010-2018,1322
MNG,2014,2014,CONS,N,FALSE,HSES,3,2010-2018,1323
MNG,2016,2016,CONS,N,FALSE,HSES,3,2010-2018,1324
MNG,2018,2018,CONS,N,FALSE,HSES,3,2010-2018,1325
MOZ,1996,1996.27,CONS,N,FALSE,NHS,0,1996-2019,1326
MOZ,2002,2002.5,CONS,N,FALSE,IAF,0,1996-2019,1327
MOZ,2008,2008.67,CONS,N,FALSE,IOF,0,1996-2019,1328
MOZ,2014,2014.44,CONS,N,FALSE,IOF,0,1996-2019,1329
MOZ,2019,2019.92,CONS,N,FALSE,IOF,0,1996-2019,1330
MRT,1987,1987,CONS,N,FALSE,EPCV,0,1987,1331
MRT,1993,1993,CONS,N,FALSE,EP,1,1993,1332
MRT,1995,1995.57,CONS,N,FALSE,EPCV,2,1995,1333
MRT,2000,2000.5,CONS,N,FALSE,EPCV,3,2000-2014,1334
MRT,2004,2004.55,CONS,N,FALSE,EPCV,3,2000-2014,1335
MRT,2008,2008.2,CONS,N,FALSE,EPCV,3,2000-2014,1336
MRT,2014,2014,CONS,N,FALSE,EPCV,3,2000-2014,1337
MUS,2006,2006.5,CONS,N,FALSE,HBS,0,2006-2017,1338
MUS,2012,2012,CONS,N,FALSE,HBS,0,2006-2017,1339
MUS,2017,2017,CONS,N,FALSE,HBS,0,2006-2017,1340
MWI,1997,1997.83,CONS,N,FALSE,IHS-I,0,1997,1341
MWI,2004,2004.23,CONS,N,FALSE,IHS-II,1,2004-2019,1342
MWI,2010,2010.23,CONS,N,FALSE,IHS-III,1,2004-2019,1343
MWI,2016,2016.31,CONS,N,FALSE,IHS-IV,1,2004-2019,1344
MWI,2019,2019.31,CONS,N,FALSE,IHS-V,1,2004-2019,1345
MYS,1984,1984,INC,N,FALSE,HIS,0,1984-1997,1346
MYS,1987,1987,INC,N,FALSE,HIS,0,1984-1997,1347
MYS,1989,1989,INC,N,FALSE,HIS,0,1984-1997,1348
MYS,1992,1992,INC,N,FALSE,HIS,0,1984-1997,1349
MYS,1995,1995,INC,N,FALSE,HIS,0,1984-1997,1350
MYS,1997,1997,INC,N,FALSE,HIS,0,1984-1997,1351
NAM,2003,2003.67,CONS,N,FALSE,NHIES,1,2003-2015,1352
NAM,2009,2009.54,CONS,N,FALSE,NHIES,1,2003-2015,1353
NAM,2015,2015.27,CONS,N,FALSE,NHIES,1,2003-2015,1354
NER,1992,1992.85,CONS,N,FALSE,ENBCM,0,1992,1355
NER,1994,1994.36,CONS,N,FALSE,EPCES,1,1994,1356
NER,2005,2005,CONS,N,FALSE,ENCVM,2,2005,1357
NER,2007,2007.31,CONS,N,FALSE,ENBCM,3,2007,1358
NER,2011,2011,CONS,N,FALSE,ECVMA,4,2011-2014,1359
NER,2014,2014,CONS,N,FALSE,ECVMA,4,2011-2014,1360
NER,2018,2018.57,CONS,N,FALSE,EHCVM,5,2018,1361
NGA,1985,1985.25,CONS,N,FALSE,NCS,0,1985,1362
NGA,1992,1992,CONS,N,FALSE,NCS,1,1992,1363
NGA,1996,1996.25,CONS,N,FALSE,NCS,2,1996,1364
NGA,2003,2003.67,CONS,N,FALSE,LSS,3,2003,1365
NGA,2010,2010.5,CONS,N,FALSE,GHSP-W1,4,2010-2015,1366
NGA,2012,2012.5,CONS,N,FALSE,GHSP-W2,4,2010-2015,1367
NGA,2015,2015.5,CONS,N,FALSE,GHSP-W3,4,2010-2015,1368
NGA,2018,2018.75,CONS,N,FALSE,LSS,5,2018,1369
NIC,1993,1993,INC,N,FALSE,EMNV,0,1993-2001,1370
NIC,1998,1998,INC,N,FALSE,EMNV,0,1993-2001,1371
NIC,2001,2001,INC,N,FALSE,EMNV,0,1993-2001,1372
NIC,2005,2005,INC,N,FALSE,EMNV,1,2005-2014,1373
NIC,2009,2009,INC,N,FALSE,EMNV,1,2005-2014,1374
NIC,2014,2014,INC,N,FALSE,EMNV,1,2005-2014,1375
NLD,1983,1983,INC,N,FALSE,AVO-LIS,0,1983-1990,1376
NLD,1987,1987,INC,N,FALSE,AVO-LIS,0,1983-1990,1377
NLD,1990,1990,INC,N,FALSE,AVO-LIS,0,1983-1990,1378
NLD,1993,1993,INC,N,FALSE,SEP-LIS,1,1993-1999,1379
NLD,1999,1999,INC,N,FALSE,SEP-LIS,1,1993-1999,1380
NLD,2005,2005,INC,N,FALSE,EU-SILC,2,2004-2020,1381
NLD,2006,2006,INC,N,FALSE,EU-SILC,2,2004-2020,1382
NLD,2007,2007,INC,N,FALSE,EU-SILC,2,2004-2020,1383
NLD,2008,2008,INC,N,FALSE,EU-SILC,2,2004-2020,1384
NLD,2009,2009,INC,N,FALSE,EU-SILC,2,2004-2020,1385
NLD,2010,2010,INC,N,FALSE,EU-SILC,2,2004-2020,1386
NLD,2011,2011,INC,N,FALSE,EU-SILC,2,2004-2020,1387
NLD,2012,2012,INC,N,FALSE,EU-SILC,2,2004-2020,1388
NLD,2013,2013,INC,N,FALSE,EU-SILC,2,2004-2020,1389
NLD,2014,2014,INC,N,FALSE,EU-SILC,2,2004-2020,1390
NLD,2015,2015,INC,N,FALSE,EU-SILC,2,2004-2020,1391
NLD,2016,2016,INC,N,FALSE,EU-SILC,2,2004-2020,1392
NLD,2017,2017,INC,N,FALSE,EU-SILC,2,2004-2020,1393
NLD,2018,2018,INC,N,FALSE,EU-SILC,2,2004-2020,1394
NLD,2019,2019,INC,N,FALSE,EU-SILC,2,2004-2020,1395
NLD,2020,2020,INC,N,FALSE,EU-SILC,2,2004-2020,1396
NOR,1979,1979,INC,N,FALSE,IDS-LIS,0,1979-2000,1397
NOR,1986,1986,INC,N,FALSE,IDS-LIS,0,1979-2000,1398
NOR,1991,1991,INC,N,FALSE,IDS-LIS,0,1979-2000,1399
NOR,1995,1995,INC,N,FALSE,IDS-LIS,0,1979-2000,1400
NOR,2000,2000,INC,N,FALSE,IDS-LIS,0,1979-2000,1401
NOR,2004,2004,INC,N,FALSE,EU-SILC,1,2003-2019,1402
NOR,2005,2005,INC,N,FALSE,EU-SILC,1,2003-2019,1403
NOR,2006,2006,INC,N,FALSE,EU-SILC,1,2003-2019,1404
NOR,2007,2007,INC,N,FALSE,EU-SILC,1,2003-2019,1405
NOR,2008,2008,INC,N,FALSE,EU-SILC,1,2003-2019,1406
NOR,2009,2009,INC,N,FALSE,EU-SILC,1,2003-2019,1407
NOR,2010,2010,INC,N,FALSE,EU-SILC,1,2003-2019,1408
NOR,2011,2011,INC,N,FALSE,EU-SILC,1,2003-2019,1409
NOR,2012,2012,INC,N,FALSE,EU-SILC,1,2003-2019,1410
NOR,2013,2013,INC,N,FALSE,EU-SILC,1,2003-2019,1411
NOR,2014,2014,INC,N,FALSE,EU-SILC,1,2003-2019,1412
NOR,2015,2015,INC,N,FALSE,EU-SILC,1,2003-2019,1413
NOR,2016,2016,INC,N,FALSE,EU-SILC,1,2003-2019,1414
NOR,2017,2017,INC,N,FALSE,EU-SILC,1,2003-2019,1415
NOR,2018,2018,INC,N,FALSE,EU-SILC,1,2003-2019,1416
NOR,2019,2019,INC,N,FALSE,EU-SILC,1,2003-2019,1417
NPL,1995,1995.5,CONS,N,FALSE,LSS-I,1,1995-2003,1418
NPL,2003,2003.25,CONS,N,FALSE,LSS-II,1,1995-2003,1419
NPL,2010,2010.17,CONS,N,FALSE,LSS-III,2,2010,1420
NRU,2012,2012.69,CONS,N,FALSE,HIES,0,2012,1421
PAK,1987,1987,CONS,N,FALSE,HIES,0,1987-1998,1422
PAK,1990,1990.5,CONS,N,FALSE,HIES,0,1987-1998,1423
PAK,1996,1996.5,CONS,N,FALSE,IHS,0,1987-1998,1424
PAK,1998,1998.5,CONS,N,FALSE,HIES,0,1987-1998,1425
PAK,2001,2001.5,CONS,N,FALSE,PIHS,1,2001-2018,1426
PAK,2004,2004.5,CONS,N,FALSE,HIES,1,2001-2018,1427
PAK,2005,2005.5,CONS,N,FALSE,HIES,1,2001-2018,1428
PAK,2007,2007.5,CONS,N,FALSE,HIES,1,2001-2018,1429
PAK,2010,2010.5,CONS,N,FALSE,HIES,1,2001-2018,1430
PAK,2011,2011.5,CONS,N,FALSE,HIES,1,2001-2018,1431
PAK,2013,2013.5,CONS,N,FALSE,HIES,1,2001-2018,1432
PAK,2015,2015.5,CONS,N,FALSE,HIES,1,2001-2018,1433
PAK,2018,2018.5,CONS,N,FALSE,HIES,1,2001-2018,1434
PAN,1979,1979,INC,N,FALSE,EMO,0,1979,1435
PAN,1989,1989,INC,N,FALSE,EMO,1,1989,1436
PAN,1991,1991,INC,N,FALSE,EMO,2,1991,1437
PAN,1995,1995,INC,N,FALSE,EH,3,1995-2000,1438
PAN,1997,1997,INC,N,FALSE,EH,3,1995-2000,1439
PAN,1998,1998,INC,N,FALSE,EH,3,1995-2000,1440
PAN,1999,1999,INC,N,FALSE,EH,3,1995-2000,1441
PAN,2000,2000,INC,N,FALSE,EH,3,1995-2000,1442
PAN,2001,2001,INC,N,FALSE,EH,4,2001-2007,1443
PAN,2002,2002,INC,N,FALSE,EH,4,2001-2007,1444
PAN,2003,2003,INC,N,FALSE,EH,4,2001-2007,1445
PAN,2004,2004,INC,N,FALSE,EH,4,2001-2007,1446
PAN,2005,2005,INC,N,FALSE,EH,4,2001-2007,1447
PAN,2006,2006,INC,N,FALSE,EH,4,2001-2007,1448
PAN,2007,2007,INC,N,FALSE,EH,4,2001-2007,1449
PAN,2008,2008,INC,N,FALSE,EH,5,2008-2021,1450
PAN,2009,2009,INC,N,FALSE,EH,5,2008-2021,1451
PAN,2010,2010,INC,N,FALSE,EH,5,2008-2021,1452
PAN,2011,2011,INC,N,FALSE,EH,5,2008-2021,1453
PAN,2012,2012,INC,N,FALSE,EH,5,2008-2021,1454
PAN,2013,2013,INC,N,FALSE,EH,5,2008-2021,1455
PAN,2014,2014,INC,N,FALSE,EH,5,2008-2021,1456
PAN,2015,2015,INC,N,FALSE,EH,5,2008-2021,1457
PAN,2016,2016,INC,N,FALSE,EH,5,2008-2021,1458
PAN,2017,2017,INC,N,FALSE,EH,5,2008-2021,1459
PAN,2018,2018,INC,N,FALSE,EH,5,2008-2021,1460
PAN,2019,2019,INC,N,FALSE,EH,5,2008-2021,1461
PAN,2021,2021,INC,N,FALSE,EH,5,2008-2021,1462
PER,1997,1997,INC,N,FALSE,ENAHO,1,1997-1999,1463
PER,1998,1998,INC,N,FALSE,ENAHO,1,1997-1999,1464
PER,1999,1999,INC,N,FALSE,ENAHO,1,1997-1999,1465
PER,2000,2000,INC,N,FALSE,ENAHO,2,2000-2003,1466
PER,2001,2001,INC,N,FALSE,ENAHO,2,2000-2003,1467
PER,2002,2002,INC,N,FALSE,ENAHO,2,2000-2003,1468
PER,2003,2003,INC,N,FALSE,ENAHO,2,2000-2003,1469
PER,2004,2004,INC,N,FALSE,ENAHO,3,2004-2021,1470
PER,2005,2005,INC,N,FALSE,ENAHO,3,2004-2021,1471
PER,2006,2006,INC,N,FALSE,ENAHO,3,2004-2021,1472
PER,2007,2007,INC,N,FALSE,ENAHO,3,2004-2021,1473
PER,2008,2008,INC,N,FALSE,ENAHO,3,2004-2021,1474
PER,2009,2009,INC,N,FALSE,ENAHO,3,2004-2021,1475
PER,2010,2010,INC,N,FALSE,ENAHO,3,2004-2021,1476
PER,2011,2011,INC,N,FALSE,ENAHO,3,2004-2021,1477
PER,2012,2012,INC,N,FALSE,ENAHO,3,2004-2021,1478
PER,2013,2013,INC,N,FALSE,ENAHO,3,2004-2021,1479
PER,2014,2014,INC,N,FALSE,ENAHO,3,2004-2021,1480
PER,2015,2015,INC,N,FALSE,ENAHO,3,2004-2021,1481
PER,2016,2016,INC,N,FALSE,ENAHO,3,2004-2021,1482
PER,2017,2017,INC,N,FALSE,ENAHO,3,2004-2021,1483
PER,2018,2018,INC,N,FALSE,ENAHO,3,2004-2021,1484
PER,2019,2019,INC,N,FALSE,ENAHO,3,2004-2021,1485
PER,2020,2020,INC,N,FALSE,ENAHO,3,2004-2021,1486
PER,2021,2021,INC,N,FALSE,ENAHO,3,2004-2021,1487
PHL,2000,2000,INC,N,FALSE,FIES,2,2000,1488
PHL,2003,2003,INC,N,FALSE,FIES,3,2003-2021,1489
PHL,2006,2006,INC,N,FALSE,FIES,3,2003-2021,1490
PHL,2009,2009,INC,N,FALSE,FIES,3,2003-2021,1491
PHL,2012,2012,INC,N,FALSE,FIES,3,2003-2021,1492
PHL,2015,2015,INC,N,FALSE,FIES,3,2003-2021,1493
PHL,2018,2018,INC,N,FALSE,FIES,3,2003-2021,1494
PHL,2021,2021,INC,N,FALSE,FIES,3,2003-2021,1495
PNG,1996,1996,CONS,N,FALSE,HIES,0,1996,1496
PNG,2009,2009.67,CONS,N,FALSE,HIES,1,2009,1497
POL,2005,2005,INC,N,FALSE,EU-SILC,3,2004-2019,1498
POL,2006,2006,INC,N,FALSE,EU-SILC,3,2004-2019,1499
POL,2007,2007,INC,N,FALSE,EU-SILC,3,2004-2019,1500
POL,2008,2008,INC,N,FALSE,EU-SILC,3,2004-2019,1501
POL,2009,2009,INC,N,FALSE,EU-SILC,3,2004-2019,1502
POL,2010,2010,INC,N,FALSE,EU-SILC,3,2004-2019,1503
POL,2011,2011,INC,N,FALSE,EU-SILC,3,2004-2019,1504
POL,2012,2012,INC,N,FALSE,EU-SILC,3,2004-2019,1505
POL,2013,2013,INC,N,FALSE,EU-SILC,3,2004-2019,1506
POL,2014,2014,INC,N,FALSE,EU-SILC,3,2004-2019,1507
POL,2015,2015,INC,N,FALSE,EU-SILC,3,2004-2019,1508
POL,2016,2016,INC,N,FALSE,EU-SILC,3,2004-2019,1509
POL,2017,2017,INC,N,FALSE,EU-SILC,3,2004-2019,1510
POL,2018,2018,INC,N,FALSE,EU-SILC,3,2004-2019,1511
POL,2019,2019,INC,N,FALSE,EU-SILC,3,2004-2019,1512
PRT,2004,2004,INC,N,FALSE,EU-SILC,0,2003-2020,1513
PRT,2005,2005,INC,N,FALSE,EU-SILC,0,2003-2020,1514
PRT,2006,2006,INC,N,FALSE,EU-SILC,0,2003-2020,1515
PRT,2007,2007,INC,N,FALSE,EU-SILC,0,2003-2020,1516
PRT,2008,2008,INC,N,FALSE,EU-SILC,0,2003-2020,1517
PRT,2009,2009,INC,N,FALSE,EU-SILC,0,2003-2020,1518
PRT,2010,2010,INC,N,FALSE,EU-SILC,0,2003-2020,1519
PRT,2011,2011,INC,N,FALSE,EU-SILC,0,2003-2020,1520
PRT,2012,2012,INC,N,FALSE,EU-SILC,0,2003-2020,1521
PRT,2013,2013,INC,N,FALSE,EU-SILC,0,2003-2020,1522
PRT,2014,2014,INC,N,FALSE,EU-SILC,0,2003-2020,1523
PRT,2015,2015,INC,N,FALSE,EU-SILC,0,2003-2020,1524
PRT,2016,2016,INC,N,FALSE,EU-SILC,0,2003-2020,1525
PRT,2017,2017,INC,N,FALSE,EU-SILC,0,2003-2020,1526
PRT,2018,2018,INC,N,FALSE,EU-SILC,0,2003-2020,1527
PRT,2019,2019,INC,N,FALSE,EU-SILC,0,2003-2020,1528
PRT,2020,2020,INC,N,FALSE,EU-SILC,0,2003-2020,1529
PRY,1990,1990,INC,N,FALSE,EH,0,1990-1995,1530
PRY,1995,1995,INC,N,FALSE,EH,0,1990-1995,1531
PRY,1997,1997,INC,N,FALSE,EIH,1,1997-2001,1532
PRY,1999,1999,INC,N,FALSE,EPH,2,1999,1533
PRY,2001,2001,INC,N,FALSE,EIH,1,1997-2001,1534
PRY,2002,2002,INC,N,FALSE,EPH,3,2002-2022,1535
PRY,2003,2003,INC,N,FALSE,EPH,3,2002-2022,1536
PRY,2004,2004,INC,N,FALSE,EPH,3,2002-2022,1537
PRY,2005,2005,INC,N,FALSE,EPH,3,2002-2022,1538
PRY,2006,2006,INC,N,FALSE,EPH,3,2002-2022,1539
PRY,2007,2007,INC,N,FALSE,EPH,3,2002-2022,1540
PRY,2008,2008,INC,N,FALSE,EPH,3,2002-2022,1541
PRY,2009,2009,INC,N,FALSE,EPH,3,2002-2022,1542
PRY,2010,2010,INC,N,FALSE,EPH,3,2002-2022,1543
PRY,2011,2011,INC,N,FALSE,EPH,3,2002-2022,1544
PRY,2012,2012,INC,N,FALSE,EPH,3,2002-2022,1545
PRY,2013,2013,INC,N,FALSE,EPH,3,2002-2022,1546
PRY,2014,2014,INC,N,FALSE,EPH,3,2002-2022,1547
PRY,2015,2015,INC,N,FALSE,EPH,3,2002-2022,1548
PRY,2016,2016,INC,N,FALSE,EPH,3,2002-2022,1549
PRY,2017,2017,INC,N,FALSE,EPH,3,2002-2022,1550
PRY,2018,2018,INC,N,FALSE,EPH,3,2002-2022,1551
PRY,2019,2019,INC,N,FALSE,EPH,3,2002-2022,1552
PRY,2020,2020,INC,N,FALSE,EPH,3,2002-2022,1553
PRY,2021,2021,INC,N,FALSE,EPH,3,2002-2022,1554
PRY,2022,2022,INC,N,FALSE,EPH,3,2002-2022,1555
PSE,2004,2004,CONS,N,FALSE,PECS,0,2004-2009,1556
PSE,2005,2005,CONS,N,FALSE,PECS,0,2004-2009,1557
PSE,2006,2006,CONS,N,FALSE,PECS,0,2004-2009,1558
PSE,2007,2007,CONS,N,FALSE,PECS,0,2004-2009,1559
PSE,2009,2009,CONS,N,FALSE,PECS,0,2004-2009,1560
PSE,2010,2010,CONS,N,FALSE,PECS,1,2010-2016,1561
PSE,2011,2011,CONS,N,FALSE,PECS,1,2010-2016,1562
PSE,2016,2016.75,CONS,N,FALSE,PECS,1,2010-2016,1563
ROU,2007,2007,INC,N,FALSE,EU-SILC,3,2006-2020,1564
ROU,2008,2008,INC,N,FALSE,EU-SILC,3,2006-2020,1565
ROU,2009,2009,INC,N,FALSE,EU-SILC,3,2006-2020,1566
ROU,2010,2010,INC,N,FALSE,EU-SILC,3,2006-2020,1567
ROU,2011,2011,INC,N,FALSE,EU-SILC,3,2006-2020,1568
ROU,2012,2012,INC,N,FALSE,EU-SILC,3,2006-2020,1569
ROU,2013,2013,INC,N,FALSE,EU-SILC,3,2006-2020,1570
ROU,2014,2014,INC,N,FALSE,EU-SILC,3,2006-2020,1571
ROU,2015,2015,INC,N,FALSE,EU-SILC,3,2006-2020,1572
ROU,2016,2016,INC,N,FALSE,EU-SILC,3,2006-2020,1573
ROU,2017,2017,INC,N,FALSE,EU-SILC,3,2006-2020,1574
ROU,2018,2018,INC,N,FALSE,EU-SILC,3,2006-2020,1575
ROU,2019,2019,INC,N,FALSE,EU-SILC,3,2006-2020,1576
ROU,2020,2020,INC,N,FALSE,EU-SILC,3,2006-2020,1577
RUS,1997,1997,CONS,N,FALSE,HBS,1,1997-2020,1578
RUS,1998,1998,CONS,N,FALSE,HBS,1,1997-2020,1579
RUS,1999,1999,CONS,N,FALSE,HBS,1,1997-2020,1580
RUS,2000,2000,CONS,N,FALSE,HBS,1,1997-2020,1581
RUS,2001,2001,CONS,N,FALSE,HBS,1,1997-2020,1582
RUS,2002,2002,CONS,N,FALSE,HBS,1,1997-2020,1583
RUS,2003,2003,CONS,N,FALSE,HBS,1,1997-2020,1584
RUS,2004,2004,CONS,N,FALSE,HBS,1,1997-2020,1585
RUS,2005,2005,CONS,N,FALSE,HBS,1,1997-2020,1586
RUS,2006,2006,CONS,N,FALSE,HBS,1,1997-2020,1587
RUS,2007,2007,CONS,N,FALSE,HBS,1,1997-2020,1588
RUS,2008,2008,CONS,N,FALSE,HBS,1,1997-2020,1589
RUS,2009,2009,CONS,N,FALSE,HBS,1,1997-2020,1590
RUS,2010,2010,CONS,N,FALSE,HBS,1,1997-2020,1591
RUS,2011,2011,CONS,N,FALSE,HBS,1,1997-2020,1592
RUS,2012,2012,CONS,N,FALSE,HBS,1,1997-2020,1593
RUS,2013,2013,CONS,N,FALSE,HBS,1,1997-2020,1594
RUS,2014,2014,CONS,N,FALSE,HBS,1,1997-2020,1595
RUS,2015,2015,CONS,N,FALSE,HBS,1,1997-2020,1596
RUS,2016,2016,CONS,N,FALSE,HBS,1,1997-2020,1597
RUS,2017,2017,CONS,N,FALSE,HBS,1,1997-2020,1598
RUS,2018,2018,CONS,N,FALSE,HBS,1,1997-2020,1599
RUS,2019,2019,CONS,N,FALSE,HBS,1,1997-2020,1600
RUS,2020,2020,CONS,N,FALSE,HBS,1,1997-2020,1601
RWA,1984,1984.5,CONS,R,FALSE,ENBCM,0,1984,1602
RWA,2000,2000.38,CONS,N,FALSE,EICV-I,1,2000-2016,1603
RWA,2005,2005.75,CONS,N,FALSE,EICV-II,1,2000-2016,1604
RWA,2010,2010.83,CONS,N,FALSE,EICV-III,1,2000-2016,1605
RWA,2013,2013.75,CONS,N,FALSE,EICV-IV,1,2000-2016,1606
RWA,2016,2016.77,CONS,N,FALSE,EICV-V,1,2000-2016,1607
SDN,2009,2009,CONS,N,FALSE,NBHS,0,2009,1608
SDN,2014,2014,CONS,N,FALSE,NBHS,1,2014,1609
SEN,1991,1991.25,CONS,N,FALSE,EP,0,1991,1610
SEN,1994,1994.33,CONS,N,FALSE,ESAM,1,1994,1611
SEN,2001,2001.31,CONS,N,FALSE,ESAM-II,2,2001,1612
SEN,2005,2005.8,CONS,N,FALSE,ESPS-I,3,2005-2011,1613
SEN,2011,2011.29,CONS,N,FALSE,ESPS-II,3,2005-2011,1614
SEN,2018,2018.5,CONS,N,FALSE,EHCVM,4,2018,1615
SLB,2005,2005.5,CONS,N,FALSE,HIES,0,2005,1616
SLB,2012,2012.79,CONS,N,FALSE,HIES,1,2012,1617
SLE,1989,1989.75,CONS,N,FALSE,HEEAS,0,1989,1618
SLE,2003,2003.25,CONS,N,FALSE,SLIHS,1,2003-2018,1619
SLE,2011,2011,CONS,N,FALSE,SLIHS,1,2003-2018,1620
SLE,2018,2018,CONS,N,FALSE,SLIHS,1,2003-2018,1621
SLV,1989,1989,INC,N,FALSE,EHPM,0,1989-1999,1622
SLV,1991,1991,INC,N,FALSE,EHPM,0,1989-1999,1623
SLV,1995,1995,INC,N,FALSE,EHPM,0,1989-1999,1624
SLV,1996,1996,INC,N,FALSE,EHPM,0,1989-1999,1625
SLV,1998,1998,INC,N,FALSE,EHPM,0,1989-1999,1626
SLV,1999,1999,INC,N,FALSE,EHPM,0,1989-1999,1627
SLV,2000,2000,INC,N,FALSE,EHPM,1,2000-2022,1628
SLV,2001,2001,INC,N,FALSE,EHPM,1,2000-2022,1629
SLV,2002,2002,INC,N,FALSE,EHPM,1,2000-2022,1630
SLV,2003,2003,INC,N,FALSE,EHPM,1,2000-2022,1631
SLV,2004,2004,INC,N,FALSE,EHPM,1,2000-2022,1632
SLV,2005,2005,INC,N,FALSE,EHPM,1,2000-2022,1633
SLV,2006,2006,INC,N,FALSE,EHPM,1,2000-2022,1634
SLV,2007,2007,INC,N,FALSE,EHPM,1,2000-2022,1635
SLV,2008,2008,INC,N,FALSE,EHPM,1,2000-2022,1636
SLV,2009,2009,INC,N,FALSE,EHPM,1,2000-2022,1637
SLV,2010,2010,INC,N,FALSE,EHPM,1,2000-2022,1638
SLV,2011,2011,INC,N,FALSE,EHPM,1,2000-2022,1639
SLV,2012,2012,INC,N,FALSE,EHPM,1,2000-2022,1640
SLV,2013,2013,INC,N,FALSE,EHPM,1,2000-2022,1641
SLV,2014,2014,INC,N,FALSE,EHPM,1,2000-2022,1642
SLV,2015,2015,INC,N,FALSE,EHPM,1,2000-2022,1643
SLV,2016,2016,INC,N,FALSE,EHPM,1,2000-2022,1644
SLV,2017,2017,INC,N,FALSE,EHPM,1,2000-2022,1645
SLV,2018,2018,INC,N,FALSE,EHPM,1,2000-2022,1646
SLV,2019,2019,INC,N,FALSE,EHPM,1,2000-2022,1647
SLV,2021,2021,INC,N,FALSE,EHPM,1,2000-2022,1648
SLV,2022,2022,INC,N,FALSE,EHPM,1,2000-2022,1649
SRB,2013,2013,INC,N,FALSE,EU-SILC,2,2012-2020,1650
SRB,2014,2014,INC,N,FALSE,EU-SILC,2,2012-2020,1651
SRB,2015,2015,INC,N,FALSE,EU-SILC,2,2012-2020,1652
SRB,2016,2016,INC,N,FALSE,EU-SILC,2,2012-2020,1653
SRB,2017,2017,INC,N,FALSE,EU-SILC,2,2012-2020,1654
SRB,2018,2018,INC,N,FALSE,EU-SILC,2,2012-2020,1655
SRB,2019,2019,INC,N,FALSE,EU-SILC,2,2012-2020,1656
SRB,2020,2020,INC,N,FALSE,EU-SILC,2,2012-2020,1657
SSD,2009,2009,CONS,N,FALSE,NBHS,0,2009,1658
SSD,2016,2016.5,CONS,N,FALSE,HFS-W3,1,2016,1659
STP,2000,2000.5,CONS,N,FALSE,IOF,0,2000,1660
STP,2010,2010,CONS,N,FALSE,IOF,1,2010,1661
STP,2017,2017,CONS,N,FALSE,IOF,2,2017,1662
SUR,1999,1999,INC,U,FALSE,EHS,0,1999,1663
SVK,2005,2005,INC,N,FALSE,EU-SILC,2,2004-2019,1664
SVK,2006,2006,INC,N,FALSE,EU-SILC,2,2004-2019,1665
SVK,2007,2007,INC,N,FALSE,EU-SILC,2,2004-2019,1666
SVK,2008,2008,INC,N,FALSE,EU-SILC,2,2004-2019,1667
SVK,2009,2009,INC,N,FALSE,EU-SILC,2,2004-2019,1668
SVK,2010,2010,INC,N,FALSE,EU-SILC,2,2004-2019,1669
SVK,2011,2011,INC,N,FALSE,EU-SILC,2,2004-2019,1670
SVK,2012,2012,INC,N,FALSE,EU-SILC,2,2004-2019,1671
SVK,2013,2013,INC,N,FALSE,EU-SILC,2,2004-2019,1672
SVK,2014,2014,INC,N,FALSE,EU-SILC,2,2004-2019,1673
SVK,2015,2015,INC,N,FALSE,EU-SILC,2,2004-2019,1674
SVK,2016,2016,INC,N,FALSE,EU-SILC,2,2004-2019,1675
SVK,2017,2017,INC,N,FALSE,EU-SILC,2,2004-2019,1676
SVK,2018,2018,INC,N,FALSE,EU-SILC,2,2004-2019,1677
SVK,2019,2019,INC,N,FALSE,EU-SILC,2,2004-2019,1678
SVN,2005,2005,INC,N,FALSE,EU-SILC,3,2004-2020,1679
SVN,2006,2006,INC,N,FALSE,EU-SILC,3,2004-2020,1680
SVN,2007,2007,INC,N,FALSE,EU-SILC,3,2004-2020,1681
SVN,2008,2008,INC,N,FALSE,EU-SILC,3,2004-2020,1682
SVN,2009,2009,INC,N,FALSE,EU-SILC,3,2004-2020,1683
SVN,2010,2010,INC,N,FALSE,EU-SILC,3,2004-2020,1684
SVN,2011,2011,INC,N,FALSE,EU-SILC,3,2004-2020,1685
SVN,2012,2012,INC,N,FALSE,EU-SILC,3,2004-2020,1686
SVN,2013,2013,INC,N,FALSE,EU-SILC,3,2004-2020,1687
SVN,2014,2014,INC,N,FALSE,EU-SILC,3,2004-2020,1688
SVN,2015,2015,INC,N,FALSE,EU-SILC,3,2004-2020,1689
SVN,2016,2016,INC,N,FALSE,EU-SILC,3,2004-2020,1690
SVN,2017,2017,INC,N,FALSE,EU-SILC,3,2004-2020,1691
SVN,2018,2018,INC,N,FALSE,EU-SILC,3,2004-2020,1692
SVN,2019,2019,INC,N,FALSE,EU-SILC,3,2004-2020,1693
SVN,2020,2020,INC,N,FALSE,EU-SILC,3,2004-2020,1694
SWE,1975,1975,INC,N,FALSE,HIS-LIS,1,1975-2002,1695
SWE,1981,1981,INC,N,FALSE,HIS-LIS,1,1975-2002,1696
SWE,1987,1987,INC,N,FALSE,HIS-LIS,1,1975-2002,1697
SWE,1992,1992,INC,N,FALSE,HIS-LIS,1,1975-2002,1698
SWE,1995,1995,INC,N,FALSE,HIS-LIS,1,1975-2002,1699
SWE,2000,2000,INC,N,FALSE,HIS-LIS,1,1975-2002,1700
SWE,2002,2002,INC,N,FALSE,HIS-LIS,1,1975-2002,1701
SWE,2004,2004,INC,N,FALSE,EU-SILC,2,2003-2020,1702
SWE,2005,2005,INC,N,FALSE,EU-SILC,2,2003-2020,1703
SWE,2006,2006,INC,N,FALSE,EU-SILC,2,2003-2020,1704
SWE,2007,2007,INC,N,FALSE,EU-SILC,2,2003-2020,1705
SWE,2008,2008,INC,N,FALSE,EU-SILC,2,2003-2020,1706
SWE,2009,2009,INC,N,FALSE,EU-SILC,2,2003-2020,1707
SWE,2010,2010,INC,N,FALSE,EU-SILC,2,2003-2020,1708
SWE,2011,2011,INC,N,FALSE,EU-SILC,2,2003-2020,1709
SWE,2012,2012,INC,N,FALSE,EU-SILC,2,2003-2020,1710
SWE,2013,2013,INC,N,FALSE,EU-SILC,2,2003-2020,1711
SWE,2014,2014,INC,N,FALSE,EU-SILC,2,2003-2020,1712
SWE,2015,2015,INC,N,FALSE,EU-SILC,2,2003-2020,1713
SWE,2016,2016,INC,N,FALSE,EU-SILC,2,2003-2020,1714
SWE,2017,2017,INC,N,FALSE,EU-SILC,2,2003-2020,1715
SWE,2018,2018,INC,N,FALSE,EU-SILC,2,2003-2020,1716
SWE,2019,2019,INC,N,FALSE,EU-SILC,2,2003-2020,1717
SWE,2020,2020,INC,N,FALSE,EU-SILC,2,2003-2020,1718
SWZ,1994,1994.83,CONS,N,FALSE,HIES,0,1994,1719
SWZ,2000,2000.92,CONS,N,FALSE,HIES,1,2000-2016,1720
SWZ,2009,2009.25,CONS,N,FALSE,HIES,1,2000-2016,1721
SWZ,2016,2016.17,CONS,N,FALSE,HIES,1,2000-2016,1722
SYC,2013,2013,INC,N,FALSE,HBS,2,2013-2018,1723
SYC,2018,2018.08,INC,N,FALSE,HBS,2,2013-2018,1724
SYR,1996,1996.75,CONS,N,FALSE,HIES,0,1996-2003,1725
SYR,2003,2003.5,CONS,N,FALSE,HIES,0,1996-2003,1726
TCD,2003,2003,CONS,N,FALSE,ECOSIT-II,0,2003-2011,1727
TCD,2011,2011,CONS,N,FALSE,ECOSIT-III,0,2003-2011,1728
TCD,2018,2018.5,CONS,N,FALSE,EHCVM,1,2018,1729
TGO,2006,2006,CONS,N,FALSE,QUIBB,0,2006-2015,1730
TGO,2011,2011,CONS,N,FALSE,QUIBB,0,2006-2015,1731
TGO,2015,2015,CONS,N,FALSE,QUIBB,0,2006-2015,1732
TGO,2018,2018.43,CONS,N,FALSE,EHCVM,1,2018,1733
THA,1981,1981,CONS,N,FALSE,SES,0,1981-1988,1734
THA,1988,1988,CONS,N,FALSE,SES,0,1981-1988,1735
THA,1990,1990,CONS,N,FALSE,SES,1,1990-1999,1736
THA,1992,1992,CONS,N,FALSE,SES,1,1990-1999,1737
THA,1994,1994,CONS,N,FALSE,SES,1,1990-1999,1738
THA,1996,1996,CONS,N,FALSE,SES,1,1990-1999,1739
THA,1998,1998,CONS,N,FALSE,SES,1,1990-1999,1740
THA,1999,1999,CONS,N,FALSE,SES,1,1990-1999,1741
THA,2000,2000,CONS,N,FALSE,SES,2,2000-2013,1742
THA,2002,2002,CONS,N,FALSE,SES,2,2000-2013,1743
THA,2004,2004,CONS,N,FALSE,SES,2,2000-2013,1744
THA,2006,2006,CONS,N,FALSE,SES,2,2000-2013,1745
THA,2007,2007,CONS,N,FALSE,SES,2,2000-2013,1746
THA,2008,2008,CONS,N,FALSE,SES,2,2000-2013,1747
THA,2009,2009,CONS,N,FALSE,SES,2,2000-2013,1748
THA,2010,2010,CONS,N,FALSE,SES,2,2000-2013,1749
THA,2011,2011,CONS,N,FALSE,SES,2,2000-2013,1750
THA,2012,2012,CONS,N,FALSE,SES,2,2000-2013,1751
THA,2013,2013,CONS,N,FALSE,SES,2,2000-2013,1752
THA,2014,2014,CONS,N,FALSE,SES,3,2014-2021,1753
THA,2015,2015,CONS,N,FALSE,SES,3,2014-2021,1754
THA,2016,2016,CONS,N,FALSE,SES,3,2014-2021,1755
THA,2017,2017,CONS,N,FALSE,SES,3,2014-2021,1756
THA,2018,2018,CONS,N,FALSE,SES,3,2014-2021,1757
THA,2019,2019,CONS,N,FALSE,SES,3,2014-2021,1758
THA,2020,2020,CONS,N,FALSE,SES,3,2014-2021,1759
THA,2021,2021,CONS,N,FALSE,SES,3,2014-2021,1760
TJK,1999,1999,CONS,N,FALSE,TLSS,0,1999-2015,1761
TJK,2003,2003,CONS,N,FALSE,TLSS,0,1999-2015,1762
TJK,2004,2004,CONS,N,FALSE,HBS,1,2004,1763
TJK,2007,2007,CONS,N,FALSE,TLSS,0,1999-2015,1764
TJK,2009,2009,CONS,N,FALSE,TLSS,0,1999-2015,1765
TJK,2015,2015,CONS,N,FALSE,HSITAFIEN,0,1999-2015,1766
TKM,1998,1998,CONS,N,FALSE,LSMS,0,1998,1767
TLS,2001,2001,CONS,N,FALSE,TLSS,0,2001-2014,1768
TLS,2007,2007,CONS,N,FALSE,TLSLS,0,2001-2014,1769
TLS,2014,2014,CONS,N,FALSE,TLSLS,0,2001-2014,1770
TON,2000,2000.75,CONS,N,FALSE,HIES,0,2000,1771
TON,2009,2009,CONS,N,FALSE,HIES,1,2009-2015,1772
TON,2015,2015,CONS,N,FALSE,HIES,1,2009-2015,1773
TTO,1988,1988,INC,N,FALSE,SLC,0,1988,1774
TTO,1992,1992,INC,N,FALSE,PHC,1,1992,1775
TUN,1985,1985,CONS,N,FALSE,HBCS,0,1985-1990,1776
TUN,1990,1990,CONS,N,FALSE,HBCS,0,1985-1990,1777
TUN,1995,1995,CONS,N,FALSE,LSS,1,1995-2000,1778
TUN,2000,2000,CONS,N,FALSE,LSS,1,1995-2000,1779
TUN,2005,2005.34,CONS,N,FALSE,NSHBCSL,2,2005-2015,1780
TUN,2010,2010.41,CONS,N,FALSE,NSHBCSL,2,2005-2015,1781
TUN,2015,2015.42,CONS,N,FALSE,NSHBCSL,2,2005-2015,1782
TUR,1987,1987,CONS,N,FALSE,HICES,0,1987-1994,1783
TUR,1994,1994,CONS,N,FALSE,HICES,0,1987-1994,1784
TUR,2002,2002,CONS,N,FALSE,HICES,1,2002-2019,1785
TUR,2003,2003,CONS,N,FALSE,HICES,1,2002-2019,1786
TUR,2004,2004,CONS,N,FALSE,HICES,1,2002-2019,1787
TUR,2005,2005,CONS,N,FALSE,HICES,1,2002-2019,1788
TUR,2006,2006,CONS,N,FALSE,HICES,1,2002-2019,1789
TUR,2007,2007,CONS,N,FALSE,HICES,1,2002-2019,1790
TUR,2008,2008,CONS,N,FALSE,HICES,1,2002-2019,1791
TUR,2009,2009,CONS,N,FALSE,HICES,1,2002-2019,1792
TUR,2010,2010,CONS,N,FALSE,HICES,1,2002-2019,1793
TUR,2011,2011,CONS,N,FALSE,HICES,1,2002-2019,1794
TUR,2012,2012,CONS,N,FALSE,HICES,1,2002-2019,1795
TUR,2013,2013,CONS,N,FALSE,HICES,1,2002-2019,1796
TUR,2014,2014,CONS,N,FALSE,HICES,1,2002-2019,1797
TUR,2015,2015,CONS,N,FALSE,HICES,1,2002-2019,1798
TUR,2016,2016,CONS,N,FALSE,HICES,1,2002-2019,1799
TUR,2017,2017,CONS,N,FALSE,HICES,1,2002-2019,1800
TUR,2018,2018,CONS,N,FALSE,HICES,1,2002-2019,1801
TUR,2019,2019,CONS,N,FALSE,HICES,1,2002-2019,1802
TUV,2010,2010,CONS,N,FALSE,HIES,0,2010,1803
TZA,1991,1991.92,CONS,N,FALSE,HBS,0,1991,1804
TZA,2000,2000.33,CONS,N,FALSE,HBS,1,2000-2018,1805
TZA,2007,2007,CONS,N,FALSE,HBS,1,2000-2018,1806
TZA,2011,2011.77,CONS,N,FALSE,HBS,1,2000-2018,1807
TZA,2018,2017.92,CONS,N,FALSE,HBS,1,2000-2018,1808
UGA,1989,1989,CONS,N,FALSE,HBS,0,1989,1809
UGA,1992,1992.23,CONS,N,FALSE,NIHS,1,1992-1999,1810
UGA,1996,1996.2,CONS,N,FALSE,NIHS,1,1992-1999,1811
UGA,1999,1999.55,CONS,N,FALSE,NIHS,1,1992-1999,1812
UGA,2002,2002.36,CONS,N,FALSE,UNHS,2,2002-2019,1813
UGA,2005,2005.33,CONS,N,FALSE,UNHS,2,2002-2019,1814
UGA,2009,2009.4,CONS,N,FALSE,UNHS,2,2002-2019,1815
UGA,2012,2012.45,CONS,N,FALSE,UNHS,2,2002-2019,1816
UGA,2016,2016.5,CONS,N,FALSE,UNHS,2,2002-2019,1817
UGA,2019,2019.64,CONS,N,FALSE,UNHS,2,2002-2019,1818
UKR,1992,1992,CONS,N,FALSE,HS,0,1992-1993,1819
UKR,1993,1993,CONS,N,FALSE,HS,0,1992-1993,1820
UKR,1995,1995,CONS,N,FALSE,HIES,1,1995,1821
UKR,1996,1996,CONS,N,FALSE,HIES,2,1996,1822
UKR,2002,2002,CONS,N,FALSE,HLCS,4,2002-2020,1823
UKR,2003,2003,CONS,N,FALSE,HLCS,4,2002-2020,1824
UKR,2004,2004,CONS,N,FALSE,HLCS,4,2002-2020,1825
UKR,2005,2005,CONS,N,FALSE,HLCS,4,2002-2020,1826
UKR,2006,2006,CONS,N,FALSE,HLCS,4,2002-2020,1827
UKR,2007,2007,CONS,N,FALSE,HLCS,4,2002-2020,1828
UKR,2008,2008,CONS,N,FALSE,HLCS,4,2002-2020,1829
UKR,2009,2009,CONS,N,FALSE,HLCS,4,2002-2020,1830
UKR,2010,2010,CONS,N,FALSE,HLCS,4,2002-2020,1831
UKR,2011,2011,CONS,N,FALSE,HLCS,4,2002-2020,1832
UKR,2012,2012,CONS,N,FALSE,HLCS,4,2002-2020,1833
UKR,2013,2013,CONS,N,FALSE,HLCS,4,2002-2020,1834
UKR,2014,2014,CONS,N,FALSE,HLCS,4,2002-2020,1835
UKR,2015,2015,CONS,N,FALSE,HLCS,4,2002-2020,1836
UKR,2016,2016,CONS,N,FALSE,HLCS,4,2002-2020,1837
UKR,2017,2017,CONS,N,FALSE,HLCS,4,2002-2020,1838
UKR,2018,2018,CONS,N,FALSE,HLCS,4,2002-2020,1839
UKR,2019,2019,CONS,N,FALSE,HLCS,4,2002-2020,1840
UKR,2020,2020,CONS,N,FALSE,HLCS,4,2002-2020,1841
URY,1981,1981,INC,U,FALSE,ENH,0,1981,1842
URY,1989,1989,INC,U,FALSE,ENH,1,1989,1843
URY,1992,1992,INC,U,FALSE,ECH,2,1992-2005,1844
URY,1995,1995,INC,U,FALSE,ECH,2,1992-2005,1845
URY,1996,1996,INC,U,FALSE,ECH,2,1992-2005,1846
URY,1997,1997,INC,U,FALSE,ECH,2,1992-2005,1847
URY,1998,1998,INC,U,FALSE,ECH,2,1992-2005,1848
URY,2000,2000,INC,U,FALSE,ECH,2,1992-2005,1849
URY,2001,2001,INC,U,FALSE,ECH,2,1992-2005,1850
URY,2002,2002,INC,U,FALSE,ECH,2,1992-2005,1851
URY,2003,2003,INC,U,FALSE,ECH,2,1992-2005,1852
URY,2004,2004,INC,U,FALSE,ECH,2,1992-2005,1853
URY,2005,2005,INC,U,FALSE,ECH,2,1992-2005,1854
URY,2006,2006,INC,N,FALSE,ECH,3,2006-2019,1855
URY,2007,2007,INC,N,FALSE,ECH,3,2006-2019,1856
URY,2008,2008,INC,N,FALSE,ECH,3,2006-2019,1857
URY,2009,2009,INC,N,FALSE,ECH,3,2006-2019,1858
URY,2010,2010,INC,N,FALSE,ECH,3,2006-2019,1859
URY,2011,2011,INC,N,FALSE,ECH,3,2006-2019,1860
URY,2012,2012,INC,N,FALSE,ECH,3,2006-2019,1861
URY,2013,2013,INC,N,FALSE,ECH,3,2006-2019,1862
URY,2014,2014,INC,N,FALSE,ECH,3,2006-2019,1863
URY,2015,2015,INC,N,FALSE,ECH,3,2006-2019,1864
URY,2016,2016,INC,N,FALSE,ECH,3,2006-2019,1865
URY,2017,2017,INC,N,FALSE,ECH,3,2006-2019,1866
URY,2018,2018,INC,N,FALSE,ECH,3,2006-2019,1867
URY,2019,2019,INC,N,FALSE,ECH,3,2006-2019,1868
URY,2020,2020,INC,N,FALSE,ECH,4,2020,1869
URY,2021,2021,INC,N,FALSE,ECH-S2,5,2021,1870
USA,1963,1963,INC,N,FALSE,CPS-LIS,0,1963-2001,1871
USA,1964,1964,INC,N,FALSE,CPS-LIS,0,1963-2001,1872
USA,1965,1965,INC,N,FALSE,CPS-LIS,0,1963-2001,1873
USA,1966,1966,INC,N,FALSE,CPS-LIS,0,1963-2001,1874
USA,1967,1967,INC,N,FALSE,CPS-LIS,0,1963-2001,1875
USA,1968,1968,INC,N,FALSE,CPS-LIS,0,1963-2001,1876
USA,1969,1969,INC,N,FALSE,CPS-LIS,0,1963-2001,1877
USA,1970,1970,INC,N,FALSE,CPS-LIS,0,1963-2001,1878
USA,1971,1971,INC,N,FALSE,CPS-LIS,0,1963-2001,1879
USA,1972,1972,INC,N,FALSE,CPS-LIS,0,1963-2001,1880
USA,1973,1973,INC,N,FALSE,CPS-LIS,0,1963-2001,1881
USA,1974,1974,INC,N,FALSE,CPS-LIS,0,1963-2001,1882
USA,1975,1975,INC,N,FALSE,CPS-LIS,0,1963-2001,1883
USA,1976,1976,INC,N,FALSE,CPS-LIS,0,1963-2001,1884
USA,1977,1977,INC,N,FALSE,CPS-LIS,0,1963-2001,1885
USA,1978,1978,INC,N,FALSE,CPS-LIS,0,1963-2001,1886
USA,1979,1979,INC,N,FALSE,CPS-LIS,0,1963-2001,1887
USA,1980,1980,INC,N,FALSE,CPS-LIS,0,1963-2001,1888
USA,1981,1981,INC,N,FALSE,CPS-LIS,0,1963-2001,1889
USA,1982,1982,INC,N,FALSE,CPS-LIS,0,1963-2001,1890
USA,1983,1983,INC,N,FALSE,CPS-LIS,0,1963-2001,1891
USA,1984,1984,INC,N,FALSE,CPS-LIS,0,1963-2001,1892
USA,1985,1985,INC,N,FALSE,CPS-LIS,0,1963-2001,1893
USA,1986,1986,INC,N,FALSE,CPS-LIS,0,1963-2001,1894
USA,1987,1987,INC,N,FALSE,CPS-LIS,0,1963-2001,1895
USA,1988,1988,INC,N,FALSE,CPS-LIS,0,1963-2001,1896
USA,1989,1989,INC,N,FALSE,CPS-LIS,0,1963-2001,1897
USA,1990,1990,INC,N,FALSE,CPS-LIS,0,1963-2001,1898
USA,1991,1991,INC,N,FALSE,CPS-LIS,0,1963-2001,1899
USA,1992,1992,INC,N,FALSE,CPS-LIS,0,1963-2001,1900
USA,1993,1993,INC,N,FALSE,CPS-LIS,0,1963-2001,1901
USA,1994,1994,INC,N,FALSE,CPS-LIS,0,1963-2001,1902
USA,1995,1995,INC,N,FALSE,CPS-LIS,0,1963-2001,1903
USA,1996,1996,INC,N,FALSE,CPS-LIS,0,1963-2001,1904
USA,1997,1997,INC,N,FALSE,CPS-LIS,0,1963-2001,1905
USA,1998,1998,INC,N,FALSE,CPS-LIS,0,1963-2001,1906
USA,1999,1999,INC,N,FALSE,CPS-LIS,0,1963-2001,1907
USA,2000,2000,INC,N,FALSE,CPS-LIS,0,1963-2001,1908
USA,2001,2001,INC,N,FALSE,CPS-LIS,0,1963-2001,1909
USA,2002,2002,INC,N,FALSE,CPS-ASEC-LIS,1,2002-2021,1910
USA,2003,2003,INC,N,FALSE,CPS-ASEC-LIS,1,2002-2021,1911
USA,2004,2004,INC,N,FALSE,CPS-ASEC-LIS,1,2002-2021,1912
USA,2005,2005,INC,N,FALSE,CPS-ASEC-LIS,1,2002-2021,1913
USA,2006,2006,INC,N,FALSE,CPS-ASEC-LIS,1,2002-2021,1914
USA,2007,2007,INC,N,FALSE,CPS-ASEC-LIS,1,2002-2021,1915
USA,2008,2008,INC,N,FALSE,CPS-ASEC-LIS,1,2002-2021,1916
USA,2009,2009,INC,N,FALSE,CPS-ASEC-LIS,1,2002-2021,1917
USA,2010,2010,INC,N,FALSE,CPS-ASEC-LIS,1,2002-2021,1918
USA,2011,2011,INC,N,FALSE,CPS-ASEC-LIS,1,2002-2021,1919
USA,2012,2012,INC,N,FALSE,CPS-ASEC-LIS,1,2002-2021,1920
USA,2013,2013,INC,N,FALSE,CPS-ASEC-LIS,1,2002-2021,1921
USA,2014,2014,INC,N,FALSE,CPS-ASEC-LIS,1,2002-2021,1922
USA,2015,2015,INC,N,FALSE,CPS-ASEC-LIS,1,2002-2021,1923
USA,2016,2016,INC,N,FALSE,CPS-ASEC-LIS,1,2002-2021,1924
USA,2017,2017,INC,N,FALSE,CPS-ASEC-LIS,1,2002-2021,1925
USA,2018,2018,INC,N,FALSE,CPS-ASEC-LIS,1,2002-2021,1926
USA,2019,2019,INC,N,FALSE,CPS-ASEC-LIS,1,2002-2021,1927
USA,2020,2020,INC,N,FALSE,CPS-ASEC-LIS,1,2002-2021,1928
USA,2021,2021,INC,N,FALSE,CPS-ASEC-LIS,1,2002-2021,1929
UZB,1998,1998,CONS,N,FALSE,HBS,0,1998-2003,1930
UZB,2000,2000,CONS,N,FALSE,HBS,0,1998-2003,1931
UZB,2002,2002,CONS,N,FALSE,HBS,0,1998-2003,1932
UZB,2003,2003,CONS,N,FALSE,HBS,0,1998-2003,1933
VEN,1981,1981,INC,N,FALSE,EHM,0,1981-1987,1934
VEN,1987,1987,INC,N,FALSE,EHM,0,1981-1987,1935
VEN,1989,1989,INC,N,FALSE,EHM,1,1989-1999,1936
VEN,1992,1992,INC,N,FALSE,EHM,1,1989-1999,1937
VEN,1995,1995,INC,N,FALSE,EHM,1,1989-1999,1938
VEN,1998,1998,INC,N,FALSE,EHM,1,1989-1999,1939
VEN,1999,1999,INC,N,FALSE,EHM,1,1989-1999,1940
VEN,2001,2001,INC,N,FALSE,EHM,2,2001-2006,1941
VEN,2002,2002,INC,N,FALSE,EHM,2,2001-2006,1942
VEN,2003,2003,INC,N,FALSE,EHM,2,2001-2006,1943
VEN,2004,2004,INC,N,FALSE,EHM,2,2001-2006,1944
VEN,2005,2005,INC,N,FALSE,EHM,2,2001-2006,1945
VEN,2006,2006,INC,N,FALSE,EHM,2,2001-2006,1946
VNM,1992,1992.77,CONS,N,FALSE,VLSS,0,1992-1997,1947
VNM,1997,1997.92,CONS,N,FALSE,VLSS,0,1992-1997,1948
VNM,2002,2002,CONS,N,FALSE,VHLSS,1,2002-2008,1949
VNM,2004,2004,CONS,N,FALSE,VHLSS,1,2002-2008,1950
VNM,2006,2006,CONS,N,FALSE,VHLSS,1,2002-2008,1951
VNM,2008,2008,CONS,N,FALSE,VHLSS,1,2002-2008,1952
VNM,2010,2010,CONS,N,FALSE,VHLSS,2,2010-2020,1953
VNM,2012,2012,CONS,N,FALSE,VHLSS,2,2010-2020,1954
VNM,2014,2014,CONS,N,FALSE,VHLSS,2,2010-2020,1955
VNM,2016,2016,CONS,N,FALSE,VHLSS,2,2010-2020,1956
VNM,2018,2018,CONS,N,FALSE,VHLSS,2,2010-2020,1957
VNM,2020,2020,CONS,N,FALSE,VHLSS,2,2010-2020,1958
VUT,2010,2010,CONS,N,FALSE,HIES,0,2010,1959
VUT,2019,2019.21,CONS,N,FALSE,NSDP,1,2019,1960
WSM,2002,2002,CONS,N,FALSE,HIES,0,2002-2013,1961
WSM,2008,2008,CONS,N,FALSE,HIES,0,2002-2013,1962
WSM,2013,2013.25,CONS,N,FALSE,HIES,0,2002-2013,1963
XKX,2003,2003,CONS,N,FALSE,HBS,0,2003-2011,1964
XKX,2005,2005,CONS,N,FALSE,HBS,0,2003-2011,1965
XKX,2006,2006,CONS,N,FALSE,HBS,0,2003-2011,1966
XKX,2009,2009,CONS,N,FALSE,HBS,0,2003-2011,1967
XKX,2010,2010,CONS,N,FALSE,HBS,0,2003-2011,1968
XKX,2011,2011,CONS,N,FALSE,HBS,0,2003-2011,1969
XKX,2012,2012,CONS,N,FALSE,HBS,1,2012-2017,1970
XKX,2013,2013,CONS,N,FALSE,HBS,1,2012-2017,1971
XKX,2014,2014,CONS,N,FALSE,HBS,1,2012-2017,1972
XKX,2015,2015,CONS,N,FALSE,HBS,1,2012-2017,1973
XKX,2016,2016,CONS,N,FALSE,HBS,1,2012-2017,1974
XKX,2017,2017,CONS,N,FALSE,HBS,1,2012-2017,1975
YEM,1998,1998,CONS,N,FALSE,HBS,0,1998,1976
YEM,2005,2005.25,CONS,N,FALSE,HBS,1,2005-2014,1977
YEM,2014,2014,CONS,N,FALSE,HBS,1,2005-2014,1978
ZAF,1993,1993,CONS,N,FALSE,KIDS,0,1993,1979
ZAF,2000,2000.75,CONS,N,FALSE,HIES,2,2000,1980
ZAF,2005,2005,CONS,N,FALSE,IES,3,2005-2014,1981
ZAF,2008,2008.67,CONS,N,FALSE,LCS,3,2005-2014,1982
ZAF,2010,2010,CONS,N,FALSE,IES,3,2005-2014,1983
ZAF,2014,2014.83,CONS,N,FALSE,LCS,3,2005-2014,1984
ZMB,1991,1991,CONS,N,FALSE,HBS,0,1991,1985
ZMB,1993,1993,CONS,N,FALSE,HBS,1,1993,1986
ZMB,1996,1996,CONS,N,FALSE,LCMS-I,2,1996,1987
ZMB,1998,1998,CONS,N,FALSE,LCMS-II,3,1998-2006,1988
ZMB,2002,2002.83,CONS,N,FALSE,LCMS-III,3,1998-2006,1989
ZMB,2004,2004.67,CONS,N,FALSE,LCMS-IV,3,1998-2006,1990
ZMB,2006,2006.5,CONS,N,FALSE,LCMS-V,3,1998-2006,1991
ZMB,2010,2010,CONS,N,FALSE,LCMS-VI,4,2010-2015,1992
ZMB,2015,2015,CONS,N,FALSE,LCMS-VII,4,2010-2015,1993
ZWE,2011,2011,CONS,N,FALSE,ICES,0,2011-2019,1994
ZWE,2017,2017,CONS,N,FALSE,PICES,0,2011-2019,1995
ZWE,2019,2019,CONS,N,FALSE,PICES,0,2011-2019,1996
